,from,to
1,ABHD14B,ABL1
2,ABHD14B,IPCEF1
3,ABHD14B,PPME1
4,ABHD14B,UBXN1
5,ABL1,COMMD1
6,ABL1,DCTN1
7,ABL1,DOK2
8,ABL1,ENO1
9,ABL1,FABP5
10,ABL1,MAPK9
11,ABL1,PPP1R9B
12,ABL1,SLC9A3R1
13,ABL1,TTR
14,ACY1,GPD1
15,ACY1,HNRNPK
16,ACY1,NEXN
17,ACY1,PTS
18,ACY1,RBKS
19,ACY1,SERPINE1
20,ACY1,SLC9A3R1
21,ACY1,TYMP
22,AP3B1,CDKN2D
23,AP3B1,EBAG9
24,AP3B1,VASH1
25,AP3B1,VTI1A
26,APRT,CDC37
27,APRT,CDKN1A
28,APRT,EBAG9
29,APRT,ERP29
30,APRT,MAVS
31,APRT,PRDX5
32,APRT,PTS
33,APRT,TTR
34,APRT,TXLNA
35,ARF6,DRG2
36,ARF6,EIF4G1
37,ARF6,F11R
38,ARF6,FYB1
39,ARF6,MINK1
40,ARF6,SERPINB1
41,ARHGEF12,CC2D1A
42,ARHGEF12,CLEC1B
43,ARHGEF12,CLIP2
44,ARHGEF12,DRG2
45,ARHGEF12,DXO
46,ARHGEF12,FAM13A
47,ARHGEF12,GZMH
48,ARHGEF12,NUB1
49,ARHGEF12,SCAMP3
50,ARHGEF12,TBCA
51,ATOX1,AXIN1
52,ATOX1,KIFBP
53,ATOX1,SCRN1
54,ATOX1,TRIAP1
55,AXIN1,MPI
56,AXIN1,MTDH
57,AXIN1,MTSS1
58,AXIN1,RILP
59,AXIN1,TRIAP1
60,AXIN1,YES1
61,BCL2L1,CETN3
62,BCL2L1,CRYBB1
63,BCL2L1,DCTN2
64,BCL2L1,EIF4E
65,BCL2L1,ENO2
66,BCL2L1,FKBP14
67,BCL2L1,IST1
68,BCL2L1,METAP2
69,BCL2L1,NUDT5
70,BCL2L1,SCAMP3
71,BCL2L1,SIRT2
72,BCL2L1,TBCA
73,BCL2L1,TTR
74,BCL2L1,TXLNA
75,BCL2L1,VASH1
76,BRAP,ABL1
77,BRAP,ERBIN
78,BRAP,MPIG6B
79,BRAP,PPP1R9B
80,BRAP,SH2D1A
81,BRAP,TXLNA
82,CACYBP,CIRBP
83,CACYBP,CRYBB1
84,CACYBP,EIF4E
85,CACYBP,FKBP5
86,CACYBP,GCC1
87,CACYBP,HARS1
88,CACYBP,LZTFL1
89,CACYBP,MESD
90,CACYBP,MPIG6B
91,CACYBP,NEXN
92,CACYBP,NUDC
93,CACYBP,NUDT16
94,CACYBP,RAB27B
95,CACYBP,RILPL2
96,CACYBP,TWF2
97,CACYBP,VASP
98,CACYBP,YARS1
99,CASP3,BCL2L1
100,CASP3,CDC26
101,CASP3,CLIP2
102,CASP3,CRKL
103,CASP3,DECR1
104,CASP3,DNAJA2
105,CASP3,FXN
106,CASP3,FYB1
107,CASP3,HCLS1
108,CASP3,IST1
109,CASP3,KIFBP
110,CASP3,MGLL
111,CASP3,RAB11FIP3
112,CASP3,RILPL2
113,CASP3,RWDD1
114,CASP3,SNAP23
115,CASP3,SNAP29
116,CC2D1A,CIAPIN1
117,CC2D1A,GLOD4
118,CC2D1A,MAP4K5
119,CC2D1A,NSFL1C
120,CC2D1A,PPME1
121,CC2D1A,PRDX5
122,CC2D1A,RBKS
123,CC2D1A,RILP
124,CC2D1A,SNX9
125,CC2D1A,STAMBP
126,CC2D1A,TXLNA
127,CC2D1A,UBXN1
128,CD40,CLEC1B
129,CD40,DAG1
130,CD40,EHBP1
131,CD40,EIF4G1
132,CD40,HBEGF
133,CD40,HTRA2
134,CD40,IRAK4
135,CD40,ITGB1BP2
136,CD40,RILP
137,CD69,CDC42BPB
138,CD69,CLEC1B
139,CD69,DIABLO
140,CD69,DOK2
141,CD69,MPIG6B
142,CDC26,CDKN2D
143,CDC26,CIRBP
144,CDC26,COMMD1
145,CDC26,EEF1D
146,CDC26,IRAK4
147,CDC26,JPT2
148,CDC26,PTRHD1
149,CDC26,STIP1
150,CDC26,VASH1
151,CDC37,AP3B1
152,CDC37,HARS1
153,CDC37,SIRT2
154,CDC37,TBCA
155,CDC37,TBCB
156,CDC37,TTR
157,CDC37,TYMP
158,CDC42BPB,AP3B1
159,CDC42BPB,MTSS1
160,CDC42BPB,SIRT2
161,CDC42BPB,TMED8
162,CDKN1A,TMED8
163,CDKN2D,DCTN1
164,CETN3,CIRBP
165,CETN3,ENO1
166,CETN3,JPT2
167,CETN3,STIP1
168,CETN3,VASH1
169,CIAPIN1,BRAP
170,CIAPIN1,DCTN1
171,CIAPIN1,DTYMK
172,CIAPIN1,EIF4G1
173,CIAPIN1,FABP5
174,CIAPIN1,FKBP5
175,CIAPIN1,GLOD4
176,CIAPIN1,GMPR2
177,CIAPIN1,HARS1
178,CIAPIN1,IST1
179,CIAPIN1,MGLL
180,CIAPIN1,NSFL1C
181,CIAPIN1,PEBP1
182,CIAPIN1,PLPBP
183,CIAPIN1,RAB27B
184,CIAPIN1,RILP
185,CIAPIN1,RWDD1
186,CIAPIN1,SCAMP3
187,CIAPIN1,SCRN1
188,CIAPIN1,SNX9
189,CIAPIN1,STAT5B
190,CIAPIN1,TXN
191,CIRBP,FXN
192,CIRBP,MAP4K5
193,CIRBP,MGMT
194,CIRBP,RGCC
195,CMC1,CDC42BPB
196,CMC1,DRG2
197,CMC1,HARS1
198,CMC1,L3HYPDH
199,CMC1,MAVS
200,CMC1,NUDT16
201,CMC1,TRIAP1
202,COMMD1,DXO
203,COMMD1,EBAG9
204,COMMD1,MAVS
205,COMMD1,PRDX5
206,COMMD1,PTRHD1
207,COMMD1,RAB27B
208,COMMD1,SERPINE1
209,COMMD1,TWF2
210,COMMD1,UBXN1
211,CRKL,CD69
212,CRKL,CIAPIN1
213,CRKL,CRYBB1
214,CRKL,DCTN2
215,CRKL,DNAJA2
216,CRKL,ENO2
217,CRKL,FADD
218,CRKL,GPI
219,CRKL,HSPA1A
220,CRKL,IPCEF1
221,CRKL,IRAK4
222,CRKL,LACTB2
223,CRKL,MAP4K5
224,CRKL,PARK7
225,CRKL,PRKAR2A
226,CRKL,RAB11FIP3
227,CRKL,SCRN1
228,CRKL,SERPINB1
229,CRKL,STIP1
230,CRKL,TMED8
231,CRKL,USP8
232,CRYBB1,DBI
233,CRYBB1,ENO2
234,CRYBB1,MAPK9
235,CRYBB1,NARS1
236,CRYBB1,PDLIM7
237,CRYBB1,RGCC
238,CRYBB1,RILPL2
239,CRYBB1,RWDD1
240,CRYBB1,SCRN1
241,CRYBB1,SERPINB1
242,CRYBB1,SPART
243,CRYBB1,TRIAP1
244,CRYBB1,TYMP
245,DAAM1,CIRBP
246,DAAM1,HBEGF
247,DAAM1,LBR
248,DAAM1,LZTFL1
249,DAAM1,MGMT
250,DAAM1,MTSS1
251,DAAM1,NT5C1A
252,DAAM1,PPME1
253,DAAM1,PTRHD1
254,DAAM1,VTI1A
255,DAG1,ACY1
256,DAG1,AP3B1
257,DAG1,ATOX1
258,DAG1,CLEC1B
259,DAG1,PPIB
260,DAG1,TXLNA
261,DAG1,UBXN1
262,DBI,ACADSB
263,DBI,FKBP5
264,DBI,GMPR2
265,DBI,IST1
266,DBI,MAP2K1
267,DBI,METAP1D
268,DBI,NSFL1C
269,DBI,NUDT5
270,DBI,OTUD7B
271,DBI,PEBP1
272,DBI,RAB11FIP3
273,DBI,TRIAP1
274,DBI,USP8
275,DCTN2,CDC26
276,DCTN2,NAGK
277,DCTN2,NUDT16
278,DCTN2,PPP1R9B
279,DCTN2,SHMT1
280,DCTN2,SNX9
281,DCTN2,VTA1
282,DECR1,ACADSB
283,DECR1,ATOX1
284,DECR1,DAG1
285,DECR1,EBAG9
286,DECR1,FABP5
287,DECR1,GRHPR
288,DECR1,HTRA2
289,DECR1,METAP1D
290,DECR1,PEBP1
291,DECR1,RILP
292,DECR1,SHMT1
293,DECR1,STX4
294,DECR1,VASP
295,DECR1,YES1
296,DNAJA2,ABL1
297,DNAJA2,EBAG9
298,DNAJA2,NARS1
299,DNAJA2,PPP1R9B
300,DNAJA2,RWDD1
301,DNAJA2,SIRT2
302,DNAJA2,USO1
303,DNAJA2,YES1
304,DNAJB14,LATS1
305,DNAJB14,NARS1
306,DNAJB14,PDLIM7
307,DNAJB14,SRC
308,DNAJB14,YES1
309,DNAJB6,CACYBP
310,DNAJB6,CASP3
311,DNAJB6,CDKN1A
312,DNAJB6,CETN3
313,DNAJB6,CRKL
314,DNAJB6,ERBIN
315,DNAJB6,FADD
316,DNAJB6,FKBP5
317,DNAJB6,GCC1
318,DNAJB6,JPT2
319,DNAJB6,LZTFL1
320,DNAJB6,NEXN
321,DNAJB6,SNAP29
322,DNAJB6,TBCA
323,DNAJB6,UBXN1
324,DOK2,CETN3
325,DOK2,EBAG9
326,DOK2,FYB1
327,DOK2,RGCC
328,DOK2,SRC
329,DRG2,AXIN1
330,DRG2,CDC37
331,DRG2,DTYMK
332,DRG2,MAP2K1
333,DRG2,NIT1
334,DRG2,NUDT16
335,DRG2,SERPINB1
336,DTYMK,APRT
337,DTYMK,BRAP
338,DTYMK,KYAT1
339,DTYMK,RILPL2
340,DTYMK,SIRT2
341,DTYMK,SNAP29
342,DTYMK,SNX9
343,DTYMK,STAT5B
344,DXO,GMPR2
345,DXO,IRAK4
346,EBAG9,STAMBP
347,EEF1D,CLIP2
348,EEF1D,DCTN1
349,EEF1D,GZMH
350,EEF1D,METAP2
351,EEF1D,NARS1
352,EEF1D,RILPL2
353,EEF1D,USP8
354,EHBP1,GMPR2
355,EHBP1,SHMT1
356,EHBP1,UBXN1
357,EIF4E,CDC37
358,EIF4E,DXO
359,EIF4E,ENO1
360,EIF4E,FAM13A
361,EIF4E,IST1
362,EIF4E,PDLIM5
363,EIF4E,VTA1
364,EIF4G1,DAAM1
365,EIF4G1,DAG1
366,EIF4G1,DNAJA2
367,EIF4G1,F11R
368,EIF4G1,FADD
369,EIF4G1,FAM13A
370,EIF4G1,FKBP5
371,EIF4G1,IST1
372,EIF4G1,MAVS
373,EIF4G1,METAP2
374,EIF4G1,NUDT16
375,EIF4G1,OTUD7B
376,EIF4G1,PDLIM7
377,EIF4G1,PRKAR2A
378,EIF4G1,RGCC
379,ENO1,CLIP2
380,ENO1,RAB27B
381,ENO1,SIRT2
382,ENO2,AP3B1
383,ENO2,ENO1
384,ERBIN,MAPK9
385,ERBIN,MAVS
386,ERBIN,NT5C
387,ERP29,FKBP14
388,ERP29,GRHPR
389,ERP29,NUDT16
390,ERP29,PPIB
391,ERP29,SNX9
392,F11R,CD69
393,F11R,DAG1
394,F11R,HNRNPK
395,F11R,MAP2K1
396,F11R,NUB1
397,F11R,PPP1R12A
398,F11R,RBPMS2
399,F11R,TBCB
400,F11R,YARS1
401,F11R,YES1
402,FABP5,GZMH
403,FABP5,HTRA2
404,FABP5,PTRHD1
405,FABP5,SAMD9L
406,FABP5,SERPINE1
407,FADD,FXN
408,FADD,IRAK4
409,FADD,LACTB2
410,FADD,SERPINB1
411,FADD,TXLNA
412,FAM13A,CDC42BPB
413,FAM13A,MAPK9
414,FAM13A,MTSS1
415,FAM13A,NIT1
416,FAM13A,SRC
417,FAM13A,SYAP1
418,FAM13A,TOMM20
419,FAM13A,TXLNA
420,FKBP14,CLEC1B
421,FKBP14,SERPINE1
422,FKBP14,SYAP1
423,FKBP4,CC2D1A
424,FKBP4,CIRBP
425,FKBP4,FKBP5
426,FKBP4,IST1
427,FKBP4,JPT2
428,FKBP4,MAVS
429,FKBP4,NIT1
430,FKBP4,NUDT5
431,FKBP4,PPME1
432,FKBP4,TBCB
433,FKBP5,ABHD14B
434,FKBP5,APRT
435,FKBP5,CETN3
436,FKBP5,COMMD1
437,FKBP5,DOK2
438,FKBP5,FXN
439,FKBP5,MGLL
440,FKBP5,MPIG6B
441,FKBP5,PDLIM5
442,FKBP5,PRDX5
443,FKBP5,SRC
444,FKBP5,TMED8
445,FKBP5,TOMM20
446,FKBP5,TXLNA
447,FXN,PRDX5
448,FXN,TOMM20
449,FXN,TTR
450,FXN,TXN
451,FYB1,FXN
452,FYB1,GGCT
453,FYB1,SERPINE1
454,GCC1,ARF6
455,GCC1,BCL2L1
456,GCC1,DECR1
457,GCC1,DNAJA2
458,GCC1,EBAG9
459,GCC1,ERP29
460,GCC1,GGCT
461,GCC1,GMPR2
462,GCC1,HHEX
463,GCC1,LACTB2
464,GCC1,MAVS
465,GCC1,MGLL
466,GCC1,MTDH
467,GCC1,MYDGF
468,GCC1,PCYT2
469,GCC1,RAB11FIP3
470,GCC1,RAB27B
471,GCC1,SKAP2
472,GCC1,SNAP23
473,GCC1,TWF2
474,GCC1,YARS1
475,GGACT,JPT2
476,GGCT,GGACT
477,GGCT,NT5C
478,GGCT,OTUD6B
479,GLOD4,APRT
480,GLOD4,CMC1
481,GLOD4,LBR
482,GLOD4,NIT1
483,GLOD4,NUDT5
484,GLOD4,PEBP1
485,GLOD4,PRDX5
486,GLOD4,RAB11FIP3
487,GLOD4,RWDD1
488,GLOD4,STAMBP
489,GLOD4,UBXN1
490,GMPR2,NT5C
491,GMPR2,PDLIM5
492,GPD1,ACADSB
493,GPD1,PCYT2
494,GPD1,PTS
495,GPD1,SNX9
496,GPD1,TOMM20
497,GPI,CETN3
498,GPI,COMMD1
499,GPI,GMPR2
500,GPI,GPD1
501,GPI,HTRA2
502,GPI,MARS1
503,GPI,MTDH
504,GPI,MTSS1
505,GPI,NAGK
506,GPI,NEXN
507,GPI,PDLIM5
508,GPI,PPIB
509,GPI,SCAMP3
510,GPI,SNX9
511,GRHPR,ABL1
512,GRHPR,EHBP1
513,GRHPR,GMPR2
514,GRHPR,MINK1
515,GRHPR,MTSS1
516,GRHPR,OTUD7B
517,GRHPR,PPP1R9B
518,GRHPR,SCLY
519,GRHPR,SYAP1
520,GRHPR,YES1
521,GZMH,OTUD7B
522,GZMH,PPP1R9B
523,GZMH,SIRT2
524,GZMH,SLC9A3R1
525,GZMH,UBXN1
526,GZMH,VASH1
527,HARS1,NSFL1C
528,HARS1,PRDX5
529,HARS1,RAB27B
530,HBEGF,DIABLO
531,HBEGF,DTYMK
532,HBEGF,EEF1D
533,HBEGF,LATS1
534,HBEGF,SERPINE1
535,HBEGF,SERPINE2
536,HBEGF,STAT5B
537,HBEGF,UBXN1
538,HBEGF,USP8
539,HCLS1,DOK2
540,HCLS1,F11R
541,HCLS1,FXN
542,HCLS1,PEBP1
543,HCLS1,PRDX5
544,HHEX,AP3B1
545,HHEX,ARF6
546,HHEX,DNAJB14
547,HHEX,LATS1
548,HHEX,MYDGF
549,HHEX,NEXN
550,HHEX,NUDT5
551,HHEX,PRKAR2A
552,HHEX,STIP1
553,HHEX,UBXN1
554,HNRNPK,AP3B1
555,HNRNPK,DRG2
556,HNRNPK,DXO
557,HNRNPK,HARS1
558,HNRNPK,KIFBP
559,HNRNPK,SAMD9L
560,HNRNPK,SRC
561,HNRNPK,STAMBP
562,HSPA1A,GGACT
563,HSPA1A,HARS1
564,HSPA1A,MAPK9
565,HSPA1A,OTUD7B
566,HSPA1A,TOMM20
567,HTRA2,CDC37
568,HTRA2,ENO1
569,HTRA2,GPD1
570,HTRA2,MARS1
571,HTRA2,MINK1
572,HTRA2,TXLNA
573,HTRA2,TYMP
574,IL7,PPP1R9B
575,IL7,PTS
576,IL7,VTA1
577,IL7,YES1
578,IPCEF1,BRAP
579,IPCEF1,GMPR2
580,IPCEF1,HCLS1
581,IPCEF1,MAP4K5
582,IPCEF1,PPP1R9B
583,IPCEF1,SPART
584,IPCEF1,STAT5B
585,IPCEF1,STIP1
586,IPCEF1,TBCB
587,IPCEF1,TWF2
588,IPCEF1,TXLNA
589,IPCEF1,TYMP
590,IRAK4,GMPR2
591,IRAK4,NARS1
592,IRAK4,PTRHD1
593,IST1,APRT
594,IST1,DNAJA2
595,IST1,FXN
596,IST1,LBR
597,IST1,NUDT16
598,IST1,RBKS
599,IST1,SIRT2
600,IST1,STAT5B
601,JPT2,COMMD1
602,JPT2,GMPR2
603,JPT2,NSFL1C
604,JPT2,TMED8
605,KIFBP,CDKN1A
606,KIFBP,FYB1
607,KIFBP,HARS1
608,KIFBP,ITGB1BP2
609,KIFBP,MGLL
610,KIFBP,NEXN
611,KIFBP,TBCB
612,KYAT1,CLEC1B
613,L3HYPDH,ACADSB
614,L3HYPDH,HTRA2
615,L3HYPDH,KYAT1
616,L3HYPDH,NT5C
617,L3HYPDH,NUDT16
618,L3HYPDH,PRKAR2A
619,L3HYPDH,PTS
620,L3HYPDH,STX4
621,L3HYPDH,TOMM20
622,L3HYPDH,UBXN1
623,LACTB2,ENO1
624,LACTB2,GGACT
625,LACTB2,GPI
626,LACTB2,GRHPR
627,LACTB2,MPI
628,LACTB2,NAGK
629,LACTB2,NARS1
630,LACTB2,TYMP
631,LACTB2,UBXN1
632,LATS1,APRT
633,LATS1,CDKN2D
634,LATS1,EEF1D
635,LATS1,OTUD6B
636,LATS1,PPME1
637,LATS1,SERPINE1
638,LBR,KYAT1
639,LBR,MGMT
640,LBR,PRDX5
641,LBR,RBPMS2
642,LBR,SH2D1A
643,LBR,TTR
644,LBR,TXN
645,LBR,USP8
646,LZTFL1,GRHPR
647,MAP2K1,COMMD1
648,MAP2K1,FABP5
649,MAP2K1,MAPK9
650,MAP2K1,NAGK
651,MAP2K1,RILPL2
652,MAP2K1,SERPINB1
653,MAP2K1,STAMBP
654,MAP2K1,VASH1
655,MAP2K1,YARS1
656,MAP4K5,ENO2
657,MAPK9,FXN
658,MAPK9,GMPR2
659,MARS1,HARS1
660,MARS1,MINK1
661,MARS1,OTUD7B
662,MARS1,PRDX5
663,MARS1,SLC9A3R1
664,MARS1,VTI1A
665,MAVS,NUDC
666,MAVS,SERPINE1
667,MESD,CDKN1A
668,MESD,CIRBP
669,MESD,DOK2
670,MESD,ERP29
671,MESD,F11R
672,MESD,GCC1
673,MESD,GRHPR
674,MESD,HARS1
675,MESD,NSFL1C
676,MESD,PPIB
677,MESD,PPP1R12A
678,MESD,SKAP2
679,MESD,TBCB
680,MESD,TMED8
681,MESD,VASH1
682,MESD,VASP
683,METAP1D,MAVS
684,METAP1D,NUDC
685,MGLL,DIABLO
686,MGLL,ITGB1BP2
687,MGLL,JPT2
688,MGLL,NSFL1C
689,MGLL,RAB27B
690,MGLL,RBKS
691,MGLL,RBPMS2
692,MINK1,GMPR2
693,MPI,DCTN1
694,MPI,ENO2
695,MPI,LBR
696,MPI,NUDT5
697,MPI,SIRT2
698,MPI,SKAP2
699,MPI,SNX9
700,MPIG6B,PPP1R9B
701,MPIG6B,RAB27B
702,MPIG6B,TBCB
703,MSRA,ATOX1
704,MSRA,BCL2L1
705,MSRA,CC2D1A
706,MSRA,CETN3
707,MSRA,CIAPIN1
708,MSRA,DBI
709,MSRA,DCTN2
710,MSRA,GPI
711,MSRA,L3HYPDH
712,MSRA,LBR
713,MSRA,MGMT
714,MSRA,MPI
715,MSRA,NIT2
716,MSRA,STIP1
717,MSRA,TRIAP1
718,MSRA,TYMP
719,MTDH,ERP29
720,MTSS1,JPT2
721,MTSS1,OTUD7B
722,MTSS1,PDLIM5
723,MTSS1,VTI1A
724,MTSS1,YES1
725,MYDGF,AXIN1
726,MYDGF,CLEC1B
727,MYDGF,CLIP2
728,MYDGF,F11R
729,MYDGF,FABP5
730,MYDGF,GMPR2
731,MYDGF,IL7
732,MYDGF,NARS1
733,MYDGF,RILP
734,MYDGF,TOMM20
735,MYDGF,TTR
736,MYDGF,VAV3
737,NAGK,ENO1
738,NAGK,METAP2
739,NAGK,PPIB
740,NAGK,RBKS
741,NAGK,UBXN1
742,NARS1,NUDT16
743,NEXN,DIABLO
744,NEXN,FAM13A
745,NEXN,MTSS1
746,NEXN,PRKAR2A
747,NEXN,RILPL2
748,NEXN,VASP
749,NIT1,DTYMK
750,NIT1,GRHPR
751,NIT1,RAB11FIP3
752,NIT1,RBKS
753,NIT2,DNAJA2
754,NIT2,GRHPR
755,NIT2,KYAT1
756,NIT2,L3HYPDH
757,NIT2,NIT1
758,NIT2,PCYT2
759,NIT2,PRKAR2A
760,NIT2,PTS
761,NIT2,SHMT1
762,NIT2,VASH1
763,NSFL1C,DCTN1
764,NSFL1C,GMPR2
765,NSFL1C,PEBP1
766,NSFL1C,RILP
767,NSFL1C,TXN
768,NT5C,PPP1R9B
769,NT5C1A,MAP2K1
770,NT5C1A,PDLIM5
771,NT5C1A,SRC
772,NT5C1A,STX4
773,NUB1,PCYT2
774,NUB1,PTRHD1
775,NUB1,SAMD9L
776,NUB1,SRC
777,NUB1,TXLNA
778,NUB1,TYMP
779,NUDC,NT5C
780,NUDT16,NUDC
781,NUDT16,SNAP23
782,NUDT5,KYAT1
783,NUDT5,MAPK9
784,NUDT5,NUDC
785,NUDT5,RAB11FIP3
786,PARK7,CIAPIN1
787,PARK7,GLOD4
788,PARK7,HSPA1A
789,PARK7,JPT2
790,PARK7,NSFL1C
791,PARK7,PLPBP
792,PARK7,RAB11FIP3
793,PARK7,STAMBP
794,PARK7,STIP1
795,PARK7,TBCA
796,PCYT2,NAGK
797,PDLIM5,FXN
798,PDLIM7,AXIN1
799,PDLIM7,CLIP2
800,PDLIM7,DOK2
801,PDLIM7,ERBIN
802,PDLIM7,ITGB1BP2
803,PDLIM7,LATS1
804,PDLIM7,MAP4K5
805,PDLIM7,MTSS1
806,PDLIM7,PDLIM5
807,PDLIM7,PPP1R12A
808,PDLIM7,PPP1R9B
809,PDLIM7,RGCC
810,PDLIM7,SERPINE2
811,PDLIM7,SRC
812,PDLIM7,TWF2
813,PEBP1,AP3B1
814,PEBP1,FXN
815,PEBP1,NUDT5
816,PEBP1,RBKS
817,PLPBP,DXO
818,PLPBP,KYAT1
819,PLPBP,LACTB2
820,PLPBP,MAP4K5
821,PLPBP,MPI
822,PLPBP,NUB1
823,PLPBP,OTUD6B
824,PLPBP,PEBP1
825,PLPBP,RILP
826,PLPBP,SNX9
827,PLPBP,TBCA
828,PLPBP,TBCB
829,PLPBP,UBXN1
830,PPME1,GLOD4
831,PPME1,PLPBP
832,PPME1,STAMBP
833,PPME1,STAT5B
834,PPME1,TXN
835,PPME1,UBXN1
836,PPP1R12A,CMC1
837,PPP1R12A,EBAG9
838,PPP1R12A,ENO2
839,PPP1R12A,MTDH
840,PPP1R12A,NEXN
841,PPP1R12A,PEBP1
842,PPP1R12A,PPME1
843,PPP1R12A,YES1
844,PRDX5,MPIG6B
845,PRDX5,NT5C
846,PRKAR2A,EEF1D
847,PRKAR2A,EHBP1
848,PRKAR2A,LBR
849,PRKAR2A,NUDT16
850,PRKAR2A,RBKS
851,PRKAR2A,RGCC
852,PRKAR2A,SCAMP3
853,PRKAR2A,TBCB
854,PRKAR2A,TYMP
855,PRKAR2A,VASH1
856,PTRHD1,CDKN1A
857,PTRHD1,GMPR2
858,PTRHD1,MAP4K5
859,PTRHD1,METAP2
860,PTRHD1,NSFL1C
861,PTRHD1,UBXN1
862,PTRHD1,USO1
863,PTS,NT5C
864,PTS,PCYT2
865,PTS,USO1
866,RAB27B,CDKN2D
867,RAB27B,ITGB1BP2
868,RAB27B,PPP1R9B
869,RBKS,KYAT1
870,RBKS,MPI
871,RBPMS2,ENO1
872,RGCC,VASH1
873,RILP,OTUD7B
874,RILP,PEBP1
875,RILP,RAB11FIP3
876,RILP,SIRT2
877,RILP,TXLNA
878,RILPL2,HTRA2
879,RILPL2,ITGB1BP2
880,RILPL2,NUDT16
881,RILPL2,PEBP1
882,RILPL2,SLC9A3R1
883,RILPL2,VASP
884,RWDD1,APRT
885,RWDD1,NSFL1C
886,RWDD1,TBCA
887,SAMD9L,SH2D1A
888,SAMD9L,VASH1
889,SCAMP3,FABP5
890,SCAMP3,MTSS1
891,SCAMP3,PPP1R9B
892,SCAMP3,PRDX5
893,SCAMP3,STIP1
894,SCAMP3,USP8
895,SCLY,FXN
896,SCLY,GPD1
897,SCLY,HTRA2
898,SCLY,MAVS
899,SCLY,METAP2
900,SCLY,NAGK
901,SCLY,SYAP1
902,SCLY,TTR
903,SCLY,TYMP
904,SCRN1,IRAK4
905,SCRN1,NUDT5
906,SCRN1,PEBP1
907,SCRN1,PPP1R12A
908,SCRN1,SCAMP3
909,SERPINB1,FAM13A
910,SERPINB1,GGCT
911,SERPINB1,GPD1
912,SERPINB1,GPI
913,SERPINB1,GZMH
914,SERPINB1,KYAT1
915,SERPINB1,LBR
916,SERPINB1,MPIG6B
917,SERPINB1,NIT2
918,SERPINB1,SAMD9L
919,SERPINB1,SPART
920,SERPINB1,STX4
921,SERPINB1,TXN
922,SERPINB1,VTI1A
923,SERPINE1,RILP
924,SERPINE1,SYAP1
925,SERPINE2,STAMBP
926,SHMT1,METAP2
927,SHMT1,MGLL
928,SHMT1,MGMT
929,SHMT1,RBKS
930,SHMT1,TTR
931,SIRT2,METAP2
932,SKAP2,CIRBP
933,SKAP2,CLIP2
934,SKAP2,DIABLO
935,SKAP2,MINK1
936,SKAP2,MPIG6B
937,SKAP2,PPP1R9B
938,SKAP2,RAB27B
939,SKAP2,RBPMS2
940,SKAP2,SNAP23
941,SLC9A3R1,MINK1
942,SLC9A3R1,NSFL1C
943,SLC9A3R1,UBXN1
944,SNAP23,DIABLO
945,SNAP29,CDC26
946,SNAP29,CDKN2D
947,SNAP29,CIRBP
948,SNAP29,DNAJA2
949,SNAP29,EBAG9
950,SNAP29,IST1
951,SNAP29,ITGB1BP2
952,SNAP29,RAB27B
953,SNAP29,RGCC
954,SNAP29,RILPL2
955,SNAP29,SERPINE2
956,SNAP29,SNAP23
957,SNAP29,TBCB
958,SPART,CDKN2D
959,SPART,YARS1
960,SRC,CDC42BPB
961,SRC,IL7
962,SRC,MINK1
963,SRC,MTSS1
964,SRC,TWF2
965,SRC,TXLNA
966,STAT5B,PTRHD1
967,STAT5B,STIP1
968,STAT5B,VTA1
969,STIP1,GGCT
970,STIP1,HSPA1A
971,STIP1,NSFL1C
972,STIP1,PTRHD1
973,STIP1,TTR
974,STIP1,VTA1
975,STX4,ABL1
976,STX4,EIF4E
977,STX4,MAPK9
978,STX4,MINK1
979,STX4,NAGK
980,STX4,PPP1R9B
981,STX4,PRKAR2A
982,STX4,SCAMP3
983,STX4,SERPINE1
984,STX4,SNX9
985,STX4,TTR
986,SYAP1,EEF1D
987,SYAP1,MAP4K5
988,SYAP1,MAPK9
989,SYAP1,METAP2
990,SYAP1,RAB11FIP3
991,SYAP1,SLC9A3R1
992,SYAP1,TBCA
993,TBCA,MINK1
994,TBCA,NSFL1C
995,TBCA,TXN
996,TBCB,OTUD6B
997,TMED8,MPI
998,TMED8,NT5C
999,TMED8,PCYT2
1000,TMED8,SCLY
1001,TMED8,SLC9A3R1
1002,TOMM20,LBR
1003,TOMM20,PRDX5
1004,TOMM20,RAB27B
1005,TRIAP1,FXN
1006,TRIAP1,IST1
1007,TRIAP1,L3HYPDH
1008,TRIAP1,MARS1
1009,TRIAP1,MAVS
1010,TRIAP1,METAP1D
1011,TRIAP1,MPI
1012,TRIAP1,MTSS1
1013,TRIAP1,SLC9A3R1
1014,TRIAP1,STX4
1015,TRIAP1,TOMM20
1016,TTR,ITGB1BP2
1017,TTR,METAP2
1018,TTR,USO1
1019,TWF2,RBPMS2
1020,TWF2,RGCC
1021,TWF2,SIRT2
1022,TWF2,VASH1
1023,TXLNA,OTUD6B
1024,TXLNA,PRDX5
1025,TXN,RAB27B
1026,TYMP,NAGK
1027,TYMP,SAMD9L
1028,TYMP,SNX9
1029,UBXN1,MINK1
1030,UBXN1,TBCA
1031,UBXN1,TBCB
1032,UBXN1,TTR
1033,USO1,CLIP2
1034,USO1,STAMBP
1035,USP8,MAP4K5
1036,USP8,NARS1
1037,VASH1,RBPMS2
1038,VASP,TWF2
1039,VAV3,CLIP2
1040,VAV3,GPD1
1041,VAV3,KYAT1
1042,VAV3,MINK1
1043,VTA1,SERPINE2
1044,VTI1A,RAB27B
1045,YARS1,AXIN1
1046,YARS1,CDKN2D
1047,YARS1,MAVS
1048,YES1,DCTN2
1049,YES1,MARS1
1050,YES1,NARS1
1051,YES1,PDLIM5
