Adipose_Subcutaneous,,ADM,PECAM1,G0S2,PNPLA2,NEDD9,IL3RA,RBM3,APOL3,ASPH,BMP6,FOLR2,LEP,ADIPOQ,GFRAL,CFD,FABP4,FABP9,TNMD,PSG1,GPD1,CPM,SIGLEC1,CMA1,FAM241A,TIMP4,ADH1B,CD209,MEOX2,WNT11,DKK1,CTHRC1,GPC3,ANGPT4,MFAP5,INHBB,CD248,ANGPTL4,SEMA3G,FGF16,DEPP1,CILP,FASN,ADAMTS5,NMB,SVEP1,AFAP1L1,VWF,CDH5,ITIH5,ANGPT2,CLEC3B,SLIT3,MYCT1,TIMP3,CSF1,LRRC32,CYGB,MMRN2,EDN1,DLL4,PDGFB,LIMA1,NMT2,ABL2,,,,,,,,,,,,,,,,,,,,,,,,,,,,,,,,,,,,,,,,,,,,,,,,,,,,,,,,,,,,,,,,,,,,,,,,,,,,,,,,,,,,,,,,,,,,,,,,,,,,,,,,,,,,,,,,,,,,,,,,,,,,,,,,,,,,,,,,,,,,,,,,,,,,,,,,,,,,,,,,,,,,,,,,,,,,,,,,,,,,,,,,,,,,,,,,,,,,,,,,,,,,,,,,,,,,,,,,,,,,,,,,,,,,,,,,,,,,,,,,,,,,,,,,,,,,,,,,,,,,,,,,,,,,,,,,,,,,,,,,,,,,,,,,,,,,,,,,,,,,,,,,,,,,,,,,,,,,,,,,,,,,,,,,,,,,,,,,,,,,,,,,,,,,,,,,,,,,,,,,,,,,,,,,,,,,,,,,,,,,,,,,,,,,,,,,,,,,,,,,,,,,,,,,,,,,,,,,,,,,,,,,,,,,,,,,,,,,,,,,,,,,,,,,,,,,,,,,,,,,,,,,,,,,,,,,,,,,,,,,,,,,,,,,,,,,,,,,,,,,,,,,,,,,,,,,,,,,,,,,,,,,,,,,,,,,,,,,,,,,,,,,,,,,,,,
Adipose_Visceral_Omentum,,IL10,SOCS3,CD93,AREG,CCNH,G0S2,PNPLA2,DUSP6,IL3RA,PTX3,IL1R1,ITLN1,FOLR2,HBEGF,ADIPOQ,MUC16,FABP4,MSLN,FABP9,DEFB132,IL20,GPD1,ARL5B,IL6,SIGLEC1,CPXM1,BTNL9,TFPI2,FAM241A,TIMP4,RARRES1,CD209,WNT11,JUN,MMP19,LYVE1,ADAMTS4,ANGPTL4,SEMA3G,GNG11,STC1,ADGRG2,FASN,ADAMTS15,NMB,SVEP1,GAS1,CCDC80,VWF,PLXNA4,ROBO4,CDH5,MYCT1,VEGFC,KDR,NRP1,MMRN2,TIE1,OSMR,PDGFB,FLT1,F3,PLTP,,,,,,,,,,,,,,,,,,,,,,,,,,,,,,,,,,,,,,,,,,,,,,,,,,,,,,,,,,,,,,,,,,,,,,,,,,,,,,,,,,,,,,,,,,,,,,,,,,,,,,,,,,,,,,,,,,,,,,,,,,,,,,,,,,,,,,,,,,,,,,,,,,,,,,,,,,,,,,,,,,,,,,,,,,,,,,,,,,,,,,,,,,,,,,,,,,,,,,,,,,,,,,,,,,,,,,,,,,,,,,,,,,,,,,,,,,,,,,,,,,,,,,,,,,,,,,,,,,,,,,,,,,,,,,,,,,,,,,,,,,,,,,,,,,,,,,,,,,,,,,,,,,,,,,,,,,,,,,,,,,,,,,,,,,,,,,,,,,,,,,,,,,,,,,,,,,,,,,,,,,,,,,,,,,,,,,,,,,,,,,,,,,,,,,,,,,,,,,,,,,,,,,,,,,,,,,,,,,,,,,,,,,,,,,,,,,,,,,,,,,,,,,,,,,,,,,,,,,,,,,,,,,,,,,,,,,,,,,,,,,,,,,,,,,,,,,,,,,,,,,,,,,,,,,,,,,,,,,,,,,,,,,,,,,,,,,,,,,,,,,,,,,,,,,,,
Adrenal_Gland,,QPCT,TPP1,VAPA,CTSD,SEPTIN6,HIF1A,SRXN1,CTSA,NEU1,PNKP,GNS,UTS2,ERN1,GHDC,CELA1,GRPEL1,GCLM,CCDC134,BST2,MFAP1,PPIF,UROD,FHIT,B4GALT7,CD46,ASPH,CAMK1,IL23R,GNPDA1,TRAPPC4,TXNRD1,HERC4,SNTB1,AGRP,CYP11B1,CYP11B2,STAR,AKR1B1,GSTA3,GSS,DLK1,COX7A2L,GSTA1,AS3MT,CCN3,RBKS,SERPINA5,FIBCD1,MINAR1,PLBD2,TAFA4,RAET1G,CST2,PDGFD,HDHD3,NXPH1,LDLR,ALKAL2,RNF128,SLITRK4,TBX3,CDH12,ACSF2,ZNF275,ZNF275,RARRES2,ALAD,VAT1,ST3GAL5,AKAP7,HEBP1,MINPP1,FNDC4,SELENOH,COMT,TPD52L1,HSPE1,AKR7A2,ACP1,RDX,BPNT1,GOLM1,SEMA6A,MLEC,DDR2,PEBP1,EDA,VSTM4,HIBADH,BCAT2,DCTD,NANP,ATG5,FANCL,GTF2I,RBBP9,HDAC8,GSTT2,TBCA,TMEM106B,,,,,,,,,,,,,,,,,,,,,,,,,,,,,,,,,,,,,,,,,,,,,,,,,,,,,,,,,,,,,,,,,,,,,,,,,,,,,,,,,,,,,,,,,,,,,,,,,,,,,,,,,,,,,,,,,,,,,,,,,,,,,,,,,,,,,,,,,,,,,,,,,,,,,,,,,,,,,,,,,,,,,,,,,,,,,,,,,,,,,,,,,,,,,,,,,,,,,,,,,,,,,,,,,,,,,,,,,,,,,,,,,,,,,,,,,,,,,,,,,,,,,,,,,,,,,,,,,,,,,,,,,,,,,,,,,,,,,,,,,,,,,,,,,,,,,,,,,,,,,,,,,,,,,,,,,,,,,,,,,,,,,,,,,,,,,,,,,,,,,,,,,,,,,,,,,,,,,,,,,,,,,,,,,,,,,,,,,,,,,,,,,,,,,,,,,,,,,,,,,,,,,,,,,,,,,,,,,,,,,,,,,,,,,,,,,,,,,,,,,,,,,,,,,,,,,,,,,,,,,,,,,,,,,,,,,,,,,,,,,,,,,,,,,,,,,,,,,,,,,,,,,,,,,,,,,,,
Artery_Aorta,,GLIPR1,APLP2,TIMP1,VCAN,ARL6IP5,LAMP1,MAN2B2,LOXL3,VIM,RGS3,PLXDC2,MPG,GALNT2,CA5B,IL31RA,SOST,ACAN,TNFRSF11B,CCN3,C5orf46,SCUBE3,TNFRSF12A,IRAG1,COL8A1,SERPINE1,FOXC2,BGN,OGN,FRZB,MRAP2,TIMP2,CYB5R3,FN1,RGS5,PDGFD,HAPLN1,MGP,ASPN,INHBA,CDKN1A,THBS2,OMD,MFGE8,GDF7,SMOC2,EFEMP1,IGFBPL1,NPNT,IGFBP2,IGFBP7,NTF3,FMOD,CTHRC1,PPP1R14A,PDE5A,FBLN5,PRKG1,NXPH3,FAP,MFAP4,PROS1,SOD3,POSTN,CCN2,CNTN4,ANTXR1,ALCAM,LTBP4,ITGB5,CLIC4,VASN,SCARF2,SPARC,GAS6,LDOC1,PMEPA1,MRC2,CRIM1,TWSG1,TINAGL1,PRR16,PXDN,ADAMTS6,PDGFC,EDA2R,LRP1,PDGFA,LAYN,SCARA3,GULP1,PCDHGA2,TXNDC15,PLXNA1,,,,,,,,,,,,,,,,,,,,,,,,,,,,,,,,,,,,,,,,,,,,,,,,,,,,,,,,,,,,,,,,,,,,,,,,,,,,,,,,,,,,,,,,,,,,,,,,,,,,,,,,,,,,,,,,,,,,,,,,,,,,,,,,,,,,,,,,,,,,,,,,,,,,,,,,,,,,,,,,,,,,,,,,,,,,,,,,,,,,,,,,,,,,,,,,,,,,,,,,,,,,,,,,,,,,,,,,,,,,,,,,,,,,,,,,,,,,,,,,,,,,,,,,,,,,,,,,,,,,,,,,,,,,,,,,,,,,,,,,,,,,,,,,,,,,,,,,,,,,,,,,,,,,,,,,,,,,,,,,,,,,,,,,,,,,,,,,,,,,,,,,,,,,,,,,,,,,,,,,,,,,,,,,,,,,,,,,,,,,,,,,,,,,,,,,,,,,,,,,,,,,,,,,,,,,,,,,,,,,,,,,,,,,,,,,,,,,,,,,,,,,,,,,,,,,,,,,,,,,,,,,,,,,,,,,,,,,,,,,,,,,,,,,,,,,,,,,,,,,,,,,,,,,,,,,,,,,,,,,,,
Artery_Coronary,,TIMP1,VCAN,CRIP1,OGN,FN1,HAPLN1,ASPN,INHBA,THBS2,OMD,PLA2G2A,IGFBP7,FMOD,C1QTNF1,CCL19,MFAP4,ANTXR1,ECRG4,,,,,,,,,,,,,,,,,,,,,,,,,,,,,,,,,,,,,,,,,,,,,,,,,,,,,,,,,,,,,,,,,,,,,,,,,,,,,,,,,,,,,,,,,,,,,,,,,,,,,,,,,,,,,,,,,,,,,,,,,,,,,,,,,,,,,,,,,,,,,,,,,,,,,,,,,,,,,,,,,,,,,,,,,,,,,,,,,,,,,,,,,,,,,,,,,,,,,,,,,,,,,,,,,,,,,,,,,,,,,,,,,,,,,,,,,,,,,,,,,,,,,,,,,,,,,,,,,,,,,,,,,,,,,,,,,,,,,,,,,,,,,,,,,,,,,,,,,,,,,,,,,,,,,,,,,,,,,,,,,,,,,,,,,,,,,,,,,,,,,,,,,,,,,,,,,,,,,,,,,,,,,,,,,,,,,,,,,,,,,,,,,,,,,,,,,,,,,,,,,,,,,,,,,,,,,,,,,,,,,,,,,,,,,,,,,,,,,,,,,,,,,,,,,,,,,,,,,,,,,,,,,,,,,,,,,,,,,,,,,,,,,,,,,,,,,,,,,,,,,,,,,,,,,,,,,,,,,,,,,,,,,,,,,,,,,,,,,,,,,,,,,,,,,,,,,,,,,,,,,,,,,,,,,,,,,,,,,,,,,,,,,,,,,,,,,,,,,
Artery_Tibial,,ENTPD1,MXI1,PCSK7,IGF1R,JAK2,SH3BGRL,CRIP1,VIM,CDKN2C,MMGT1,OSTM1,ITGA5,ID2,MTHFD2,ARHGAP1,FLNA,ACAN,VCL,COMP,SCUBE3,IRAG1,COL8A1,FOXC2,COL18A1,TIMP2,CYB5R3,RGS5,INHBA,ZFAND5,TNC,CCN5,TAGLN,LMOD1,IGFBPL1,AMIGO2,IGFBP7,NTF3,PPP1R14A,PDE3A,RRAS,RHOB,PRKG1,DSTN,C1QTNF1,CSPG4,MSRB3,ANGPT1,ACADL,SFRP2,NTRK3,NOTCH3,SMURF1,CRTAC1,CNTN4,CLIC4,CSRP2,BCAM,ROR1,VASN,EFHD1,PGF,PMEPA1,HSPG2,CDH6,JAG1,GPC6,ANGPT2,SLIT3,CRIM1,TWSG1,PITPNB,SMIM10,ENOX2,TCEA1,CTNNB1,NET1,JAM3,VAMP4,BPNT2,SORBS3,ROCK2,AKT3,SBDS,ENAH,FAM20B,PTK2,,,,,,,,,,,,,,,,,,,,,,,,,,,,,,,,,,,,,,,,,,,,,,,,,,,,,,,,,,,,,,,,,,,,,,,,,,,,,,,,,,,,,,,,,,,,,,,,,,,,,,,,,,,,,,,,,,,,,,,,,,,,,,,,,,,,,,,,,,,,,,,,,,,,,,,,,,,,,,,,,,,,,,,,,,,,,,,,,,,,,,,,,,,,,,,,,,,,,,,,,,,,,,,,,,,,,,,,,,,,,,,,,,,,,,,,,,,,,,,,,,,,,,,,,,,,,,,,,,,,,,,,,,,,,,,,,,,,,,,,,,,,,,,,,,,,,,,,,,,,,,,,,,,,,,,,,,,,,,,,,,,,,,,,,,,,,,,,,,,,,,,,,,,,,,,,,,,,,,,,,,,,,,,,,,,,,,,,,,,,,,,,,,,,,,,,,,,,,,,,,,,,,,,,,,,,,,,,,,,,,,,,,,,,,,,,,,,,,,,,,,,,,,,,,,,,,,,,,,,,,,,,,,,,,,,,,,,,,,,,,,,,,,,,,,,,,,,,,,,,,,,,,,,,,,,,,,,,,,,,,,,,,,,,,
Brain_Anterior_cingulate_cortex_BA24,,TAFA2,MEPE,CCK,FAM163B,HRK,CAMK2A,CRH,GAP43,PDXP,CNTN5,SEPTIN3,NPTXR,OLFM1,DEAF1,OSTN,COL20A1,GRP,SYT17,,,,,,,,,,,,,,,,,,,,,,,,,,,,,,,,,,,,,,,,,,,,,,,,,,,,,,,,,,,,,,,,,,,,,,,,,,,,,,,,,,,,,,,,,,,,,,,,,,,,,,,,,,,,,,,,,,,,,,,,,,,,,,,,,,,,,,,,,,,,,,,,,,,,,,,,,,,,,,,,,,,,,,,,,,,,,,,,,,,,,,,,,,,,,,,,,,,,,,,,,,,,,,,,,,,,,,,,,,,,,,,,,,,,,,,,,,,,,,,,,,,,,,,,,,,,,,,,,,,,,,,,,,,,,,,,,,,,,,,,,,,,,,,,,,,,,,,,,,,,,,,,,,,,,,,,,,,,,,,,,,,,,,,,,,,,,,,,,,,,,,,,,,,,,,,,,,,,,,,,,,,,,,,,,,,,,,,,,,,,,,,,,,,,,,,,,,,,,,,,,,,,,,,,,,,,,,,,,,,,,,,,,,,,,,,,,,,,,,,,,,,,,,,,,,,,,,,,,,,,,,,,,,,,,,,,,,,,,,,,,,,,,,,,,,,,,,,,,,,,,,,,,,,,,,,,,,,,,,,,,,,,,,,,,,,,,,,,,,,,,,,,,,,,,,,,,,,,,,,,,,,,,,,,,,,,,,,,,,,,,,,,,,,,,,,,,,,,,
Brain_Caudate_basal_ganglia,,LINGO3,HTR6,ARPP21,COCH,TAC1,LRTM2,WIF1,HS3ST5,SPEF1,IFNA6,ACBD7,IFNA13,AQP4,GPC5,CNMD,ARPP19,ENTPD3,PNMT,PCDHGA12,PCDHGA10,,,,,,,,,,,,,,,,,,,,,,,,,,,,,,,,,,,,,,,,,,,,,,,,,,,,,,,,,,,,,,,,,,,,,,,,,,,,,,,,,,,,,,,,,,,,,,,,,,,,,,,,,,,,,,,,,,,,,,,,,,,,,,,,,,,,,,,,,,,,,,,,,,,,,,,,,,,,,,,,,,,,,,,,,,,,,,,,,,,,,,,,,,,,,,,,,,,,,,,,,,,,,,,,,,,,,,,,,,,,,,,,,,,,,,,,,,,,,,,,,,,,,,,,,,,,,,,,,,,,,,,,,,,,,,,,,,,,,,,,,,,,,,,,,,,,,,,,,,,,,,,,,,,,,,,,,,,,,,,,,,,,,,,,,,,,,,,,,,,,,,,,,,,,,,,,,,,,,,,,,,,,,,,,,,,,,,,,,,,,,,,,,,,,,,,,,,,,,,,,,,,,,,,,,,,,,,,,,,,,,,,,,,,,,,,,,,,,,,,,,,,,,,,,,,,,,,,,,,,,,,,,,,,,,,,,,,,,,,,,,,,,,,,,,,,,,,,,,,,,,,,,,,,,,,,,,,,,,,,,,,,,,,,,,,,,,,,,,,,,,,,,,,,,,,,,,,,,,,,,,,,,,,,,,,,,,,,,,,,,,,,,,,,,,,,,,,,
Brain_Cerebellar_Hemisphere,,CA4,LIN7A,EPB41,GP6,FLT3,HPCAL1,BRAF,CTBP1,UBASH3B,GAS7,SULT1A4,LDLRAP1,NPFF,PPM1D,H2BU1,PCYOX1L,PRPF6,CLSTN3,CD47,CHD7,CRTAM,BRICD5,EPHB1,LCN8,PSG11,CAMK4,FGF3,PRPSAP2,IFNA8,CBLN1,PSG6,PTH2,TARBP2,NDRG3,CDH15,MDGA1,SYT2,IL22,FGF19,TIAM1,ULBP1,FSTL5,WFIKKN1,NPTX1,ACP7,WSCD2,CKMT1B,MINAR1,CDH7,MREG,CA10,PSG9,COL13A1,PRKCZ,PABPN1,FGF17,VWC2,SH3GL2,CALN1,IGLON5,SNAP25,RTN4R,PSPN,PAK5,OPCML,PTPRR,STMN2,MUTYH,DKK4,AP2A2,STX1B,PURB,NRXN3,RAB26,ADAM22,NRG4,SCN2B,NRXN2,IL11,QSOX2,ENO2,NRIP3,HS3ST1,GALNT13,CADM3,BRSK2,CAMK2B,B4GALNT1,FGF9,IGDCC3,NTM,FGF20,SYT9,GNRH2,CHAD,CNTN1,FAM241B,CCN6,SLC26A5,NCR3LG1,ABHD14A,MANSC4,GLCE,BDNF,RAC3,DOC2B,SOCS7,TLL1,MIF,B4GALT6,SPOCK1,MCF2L,PSIP1,MAPK9,CADM1,PCDHA7,PCDHA4,C3orf18,PDE1A,CDHR3,BMPER,MICU3,ZNF34,EPDR1,BPTF,ZNF134,POMK,NPDC1,ARHGEF7,RBFOX2,MAPK8,ACVR2B,NR1D2,ZNF175,,,,,,,,,,,,,,,,,,,,,,,,,,,,,,,,,,,,,,,,,,,,,,,,,,,,,,,,,,,,,,,,,,,,,,,,,,,,,,,,,,,,,,,,,,,,,,,,,,,,,,,,,,,,,,,,,,,,,,,,,,,,,,,,,,,,,,,,,,,,,,,,,,,,,,,,,,,,,,,,,,,,,,,,,,,,,,,,,,,,,,,,,,,,,,,,,,,,,,,,,,,,,,,,,,,,,,,,,,,,,,,,,,,,,,,,,,,,,,,,,,,,,,,,,,,,,,,,,,,,,,,,,,,,,,,,,,,,,,,,,,,,,,,,,,,,,,,,,,,,,,,,,,,,,,,,,,,,,,,,,,,,,,,,,,,,,,,,,,,,,,,,,,,,,,,,,,,,,,,,,,,,,,,,,,,,,,,,,,,,,,,,,,,,,,,,,,,,,,,,,,,,,,,,,,,,,,,,,,,,,,,,,,,,,,,,,,,,,,,,,,,,,,,,,,,,,,,,,,,,,,,,,,,,,,,,,,,,,,,,,
Brain_Cerebellum,,LIN7A,EPB41,GP6,FLT3,AP1G2,HPCAL1,UBASH3B,ATG4B,SULT1A4,CDC25B,LDLRAP1,NPFF,H2BU1,PCYOX1L,EDC4,CLSTN3,CHD7,CRTAM,PGP,BRICD5,LCN8,PSG11,CAMK4,FGF3,IFNA8,CBLN1,PSG6,PTH2,TARBP2,CDH15,SPINK6,MDGA1,SYT2,IL22,DAO,FGF19,TIAM1,ULBP1,FSTL5,WFIKKN1,NPTX1,PSG1,ACP7,WSCD2,UNC5A,CKMT1B,MINAR1,CDH7,CA10,PSG9,COL13A1,PRKCZ,PABPN1,FGF17,VWC2,SH3GL2,CALN1,IGLON5,RTN4R,PSPN,PAK5,OPCML,PTPRR,MUTYH,DKK4,AP2A2,STX1B,PURB,NRXN3,RAB26,ADAM22,NRG4,IDUA,NRXN2,IL11,QSOX2,ENO2,NRIP3,FUT9,COL11A2,GALNT13,CADM3,BRSK2,B4GALNT1,FGF9,AMH,IGDCC3,NTM,CER1,FGF20,CHRD,GNRH2,CHAD,FAM241B,CA8,PTPRD,CCN6,SLC26A5,NCR3LG1,GLCE,RAC3,DOC2B,SOCS7,TLL1,MIF,MCF2L,PCDHA7,BRD1,PCDHA4,C3orf18,PLCG1,UNC5B,BPTF,POMGNT2,NPDC1,TNFRSF6B,RBFOX2,ACVR2B,ZNF175,,,,,,,,,,,,,,,,,,,,,,,,,,,,,,,,,,,,,,,,,,,,,,,,,,,,,,,,,,,,,,,,,,,,,,,,,,,,,,,,,,,,,,,,,,,,,,,,,,,,,,,,,,,,,,,,,,,,,,,,,,,,,,,,,,,,,,,,,,,,,,,,,,,,,,,,,,,,,,,,,,,,,,,,,,,,,,,,,,,,,,,,,,,,,,,,,,,,,,,,,,,,,,,,,,,,,,,,,,,,,,,,,,,,,,,,,,,,,,,,,,,,,,,,,,,,,,,,,,,,,,,,,,,,,,,,,,,,,,,,,,,,,,,,,,,,,,,,,,,,,,,,,,,,,,,,,,,,,,,,,,,,,,,,,,,,,,,,,,,,,,,,,,,,,,,,,,,,,,,,,,,,,,,,,,,,,,,,,,,,,,,,,,,,,,,,,,,,,,,,,,,,,,,,,,,,,,,,,,,,,,,,,,,,,,,,,,,,,,,,,,,,,,,,,,,,,,,,,,,,,,,,,,,,,,,,,,,,,,,,,,,,,,,,,,,,,,,,
Brain_Cortex,,KCNAB2,RCVRN,RELL2,CAMKK1,NRGN,TOLLIP,FGF8,PIN1,WFDC10A,CCK,DRGX,FAM163B,STX1A,RGS4,HAPLN4,LRFN2,SLC30A3,UNC5A,CLEC2L,CAMK2A,NEFL,GABBR2,FSTL4,RAB3A,GFRA2,PDXP,SULT4A1,HS3ST4,LINGO1,NCALD,OLFM1,LRRTM4,RORB,RAB6B,VSTM2L,CSMD1,SEMA4F,KCNIP3,MAPK11,HS6ST1,AARS1,PLXNA1,,,,,,,,,,,,,,,,,,,,,,,,,,,,,,,,,,,,,,,,,,,,,,,,,,,,,,,,,,,,,,,,,,,,,,,,,,,,,,,,,,,,,,,,,,,,,,,,,,,,,,,,,,,,,,,,,,,,,,,,,,,,,,,,,,,,,,,,,,,,,,,,,,,,,,,,,,,,,,,,,,,,,,,,,,,,,,,,,,,,,,,,,,,,,,,,,,,,,,,,,,,,,,,,,,,,,,,,,,,,,,,,,,,,,,,,,,,,,,,,,,,,,,,,,,,,,,,,,,,,,,,,,,,,,,,,,,,,,,,,,,,,,,,,,,,,,,,,,,,,,,,,,,,,,,,,,,,,,,,,,,,,,,,,,,,,,,,,,,,,,,,,,,,,,,,,,,,,,,,,,,,,,,,,,,,,,,,,,,,,,,,,,,,,,,,,,,,,,,,,,,,,,,,,,,,,,,,,,,,,,,,,,,,,,,,,,,,,,,,,,,,,,,,,,,,,,,,,,,,,,,,,,,,,,,,,,,,,,,,,,,,,,,,,,,,,,,,,,,,,,,,,,,,,,,,,,,,,,,,,,,,,,,,,,,,,,,,,,,,,,,,,,,,,,,,,,,,,,,,,,,,,,,,,,,,,,
Brain_Frontal_Cortex_BA9,,UBLCP1,YWHAB,PRKCB,SNCA,SGTB,VAMP1,MAP2K1,PCMT1,PPP3R1,CAMK1D,CAMKK1,SATB1,NRGN,TOLLIP,MAP2K4,ARF3,CLTC,CRYBB1,PIN1,TAFA2,WFDC10A,YWHAH,NELL2,MEPE,BAG4,CCK,DRGX,FAM163B,STX1A,CACYBP,RGS4,HPRT1,HAPLN4,LRFN2,SLC30A3,CLEC2L,VSNL1,CAMK2A,NEFL,CRH,HSPH1,NETO1,VWC2L,NSF,GABBR2,CHGA,CBLN4,PCSK1,AK5,NXPH2,HTR2A,PCDH8,SNAP25,OLFM3,FSTL4,GAP43,RAB3A,GFRA2,GDA,SLITRK1,SULT4A1,NELL1,CTNNA2,HS3ST4,CNTN5,CNTNAP2,LINGO1,MEF2C,NEFH,NCALD,TAGLN3,UNC13A,OLFM1,LRRTM4,INA,RORB,RAB3C,RAB6B,OSTN,SCG3,NRG3,NAPB,UNC5D,DPP10,EPHA5,RSPO2,VSTM2L,DIRAS1,CSMD1,CPLX1,HS6ST3,LRRTM3,UCHL1,NRXN1,NRCAM,UBE2K,STAU2,PCDHGC5,ADAM23,PCSK2,ST6GALNAC5,YWHAG,FAM234B,LRFN5,SATB2,IL1RAPL2,SYN3,MAPK10,NTNG1,OLA1,PLCB1,CHL1,DCLK1,MAPK9,C1orf115,PPME1,PFN2,SEMA4F,KCNIP3,CLSTN1,AASDHPPT,EPHA4,OCIAD1,EIF5A2,NEGR1,NAPG,LNX1,ANKRD46,UBE2V2,AARS1,ARL6,,,,,,,,,,,,,,,,,,,,,,,,,,,,,,,,,,,,,,,,,,,,,,,,,,,,,,,,,,,,,,,,,,,,,,,,,,,,,,,,,,,,,,,,,,,,,,,,,,,,,,,,,,,,,,,,,,,,,,,,,,,,,,,,,,,,,,,,,,,,,,,,,,,,,,,,,,,,,,,,,,,,,,,,,,,,,,,,,,,,,,,,,,,,,,,,,,,,,,,,,,,,,,,,,,,,,,,,,,,,,,,,,,,,,,,,,,,,,,,,,,,,,,,,,,,,,,,,,,,,,,,,,,,,,,,,,,,,,,,,,,,,,,,,,,,,,,,,,,,,,,,,,,,,,,,,,,,,,,,,,,,,,,,,,,,,,,,,,,,,,,,,,,,,,,,,,,,,,,,,,,,,,,,,,,,,,,,,,,,,,,,,,,,,,,,,,,,,,,,,,,,,,,,,,,,,,,,,,,,,,,,,,,,,,,,,,,,,,,,,,,,,,,,,,,,,,,,,,,,,,,,,,,,,,,,,,,,,,,,,,,,,
Brain_Hypothalamus,,UTS2,OXT,NMS,TRH,ECEL1,CARTPT,NTS,CALCB,CFC1,VWC2L,DIRAS3,PCSK1,SST,ACHE,CALY,CALB2,ADCYAP1,RAB3B,RAB3C,UNC5D,ST8SIA2,RSPO4,CD200,PSMD10,,,,,,,,,,,,,,,,,,,,,,,,,,,,,,,,,,,,,,,,,,,,,,,,,,,,,,,,,,,,,,,,,,,,,,,,,,,,,,,,,,,,,,,,,,,,,,,,,,,,,,,,,,,,,,,,,,,,,,,,,,,,,,,,,,,,,,,,,,,,,,,,,,,,,,,,,,,,,,,,,,,,,,,,,,,,,,,,,,,,,,,,,,,,,,,,,,,,,,,,,,,,,,,,,,,,,,,,,,,,,,,,,,,,,,,,,,,,,,,,,,,,,,,,,,,,,,,,,,,,,,,,,,,,,,,,,,,,,,,,,,,,,,,,,,,,,,,,,,,,,,,,,,,,,,,,,,,,,,,,,,,,,,,,,,,,,,,,,,,,,,,,,,,,,,,,,,,,,,,,,,,,,,,,,,,,,,,,,,,,,,,,,,,,,,,,,,,,,,,,,,,,,,,,,,,,,,,,,,,,,,,,,,,,,,,,,,,,,,,,,,,,,,,,,,,,,,,,,,,,,,,,,,,,,,,,,,,,,,,,,,,,,,,,,,,,,,,,,,,,,,,,,,,,,,,,,,,,,,,,,,,,,,,,,,,,,,,,,,,,,,,,,,,,,,,,,,,,,,,,,,,,,,,,,,,,,,,,,,,,,,,,,,,,,,,
Brain_Nucleus_accumbens_basal_ganglia,,MAPK1,LINGO3,HTR6,PENK,ARPP21,GUCA1A,COCH,ICAM5,TAC1,HSPH1,CALB1,PRKCG,SPEF1,GPC5,CNMD,DLL3,LRRTM1,NOG,LYPD1,SORCS3,KIRREL3,ARPP19,EFNB3,PIANP,CDH12,B3GALT1,PCDHGC5,PNMT,SPINK9,THRA,CRYBB2,,,,,,,,,,,,,,,,,,,,,,,,,,,,,,,,,,,,,,,,,,,,,,,,,,,,,,,,,,,,,,,,,,,,,,,,,,,,,,,,,,,,,,,,,,,,,,,,,,,,,,,,,,,,,,,,,,,,,,,,,,,,,,,,,,,,,,,,,,,,,,,,,,,,,,,,,,,,,,,,,,,,,,,,,,,,,,,,,,,,,,,,,,,,,,,,,,,,,,,,,,,,,,,,,,,,,,,,,,,,,,,,,,,,,,,,,,,,,,,,,,,,,,,,,,,,,,,,,,,,,,,,,,,,,,,,,,,,,,,,,,,,,,,,,,,,,,,,,,,,,,,,,,,,,,,,,,,,,,,,,,,,,,,,,,,,,,,,,,,,,,,,,,,,,,,,,,,,,,,,,,,,,,,,,,,,,,,,,,,,,,,,,,,,,,,,,,,,,,,,,,,,,,,,,,,,,,,,,,,,,,,,,,,,,,,,,,,,,,,,,,,,,,,,,,,,,,,,,,,,,,,,,,,,,,,,,,,,,,,,,,,,,,,,,,,,,,,,,,,,,,,,,,,,,,,,,,,,,,,,,,,,,,,,,,,,,,,,,,,,,,,,,,,,,,,,,,,,,,,,,,,,,,,,,,,,,,,,,,,,,,,,
Brain_Putamen_basal_ganglia,,CST3,PENK,ARPP21,COCH,TAC1,LRTM2,WIF1,OPALIN,HS3ST5,SPEF1,IFNA6,IFNA13,TYMSOS,IFNA2,ARPP19,ASRGL1,PRSS35,ENTPD3,,,,,,,,,,,,,,,,,,,,,,,,,,,,,,,,,,,,,,,,,,,,,,,,,,,,,,,,,,,,,,,,,,,,,,,,,,,,,,,,,,,,,,,,,,,,,,,,,,,,,,,,,,,,,,,,,,,,,,,,,,,,,,,,,,,,,,,,,,,,,,,,,,,,,,,,,,,,,,,,,,,,,,,,,,,,,,,,,,,,,,,,,,,,,,,,,,,,,,,,,,,,,,,,,,,,,,,,,,,,,,,,,,,,,,,,,,,,,,,,,,,,,,,,,,,,,,,,,,,,,,,,,,,,,,,,,,,,,,,,,,,,,,,,,,,,,,,,,,,,,,,,,,,,,,,,,,,,,,,,,,,,,,,,,,,,,,,,,,,,,,,,,,,,,,,,,,,,,,,,,,,,,,,,,,,,,,,,,,,,,,,,,,,,,,,,,,,,,,,,,,,,,,,,,,,,,,,,,,,,,,,,,,,,,,,,,,,,,,,,,,,,,,,,,,,,,,,,,,,,,,,,,,,,,,,,,,,,,,,,,,,,,,,,,,,,,,,,,,,,,,,,,,,,,,,,,,,,,,,,,,,,,,,,,,,,,,,,,,,,,,,,,,,,,,,,,,,,,,,,,,,,,,,,,,,,,,,,,,,,,,,,,,,,,,,,,,,,,
Brain_Spinal_cord_cervical_c_1,,ATG3,NDE1,TMCC3,SPTLC2,ADAM10,RNF13,SEMA4D,IFIT2,CHST2,VAMP3,GOLGA7,PIP4K2A,ANP32B,VAMP1,PTP4A2,ASCC1,ST6GALNAC3,PYCR2,RAB5A,TBCB,CHMP2B,FIS1,PAFAH1B2,CD47,SPAST,SIRT2,DHFR,STAMBP,FAXDC2,SEMA7A,CRIPT,SORT1,LZIC,PRPSAP2,FAM177A1,KLK6,RGS1,TF,RAP1GDS1,NDRG1,MAPRE2,SGK3,GFAP,C18orf32,QKI,ENPP6,MLN,CNDP1,TAFA4,CNTN2,MARCKSL1,TREM2,CNP,USH1C,LGR5,SPOCK3,STMN4,FOLH1,APLP1,CNTNAP2,STMN1,SIGLEC8,MYRF,SH3GL3,FGF1,QDPR,NDST1,LGI3,TMEFF1,EDIL3,GAL3ST1,CPOX,TBC1D5,RAPGEF5,APLN,CHST6,ENPP2,PDE11A,PEA15,COLGALT2,GMFB,IGSF11,AIF1L,PTPRD,JAKMIP3,PRRG1,LDLRAD4,SVIP,PARP1,PLAAT3,ASPA,FGFR2,DSCAML1,FAM171A1,TNFRSF21,EFHD1,LANCL1,FUT8,SEMA6A,CDK2AP1,C1orf198,ELAPOR2,DNAJC15,RCAN1,GNAI1,CCDC90B,NENF,PPA1,PIR,KDSR,SCARB2,,,,,,,,,,,,,,,,,,,,,,,,,,,,,,,,,,,,,,,,,,,,,,,,,,,,,,,,,,,,,,,,,,,,,,,,,,,,,,,,,,,,,,,,,,,,,,,,,,,,,,,,,,,,,,,,,,,,,,,,,,,,,,,,,,,,,,,,,,,,,,,,,,,,,,,,,,,,,,,,,,,,,,,,,,,,,,,,,,,,,,,,,,,,,,,,,,,,,,,,,,,,,,,,,,,,,,,,,,,,,,,,,,,,,,,,,,,,,,,,,,,,,,,,,,,,,,,,,,,,,,,,,,,,,,,,,,,,,,,,,,,,,,,,,,,,,,,,,,,,,,,,,,,,,,,,,,,,,,,,,,,,,,,,,,,,,,,,,,,,,,,,,,,,,,,,,,,,,,,,,,,,,,,,,,,,,,,,,,,,,,,,,,,,,,,,,,,,,,,,,,,,,,,,,,,,,,,,,,,,,,,,,,,,,,,,,,,,,,,,,,,,,,,,,,,,,,,,,,,,,,,,,,,,,,,,,,,,,,,,,,,,,,,,,,,,,,,,,,,,,,,,
Cervix_Ectocervix,,IRF4,SMPDL3A,PGR,RSPO1,PRLR,CPXM1,MASP1,GDF7,CTSK,SFRP1,COL1A1,FBLN1,FGF7,PTHLH,MATN2,IGDCC4,NT5E,COLEC12,NFATC4,NBL1,NBL1,,,,,,,,,,,,,,,,,,,,,,,,,,,,,,,,,,,,,,,,,,,,,,,,,,,,,,,,,,,,,,,,,,,,,,,,,,,,,,,,,,,,,,,,,,,,,,,,,,,,,,,,,,,,,,,,,,,,,,,,,,,,,,,,,,,,,,,,,,,,,,,,,,,,,,,,,,,,,,,,,,,,,,,,,,,,,,,,,,,,,,,,,,,,,,,,,,,,,,,,,,,,,,,,,,,,,,,,,,,,,,,,,,,,,,,,,,,,,,,,,,,,,,,,,,,,,,,,,,,,,,,,,,,,,,,,,,,,,,,,,,,,,,,,,,,,,,,,,,,,,,,,,,,,,,,,,,,,,,,,,,,,,,,,,,,,,,,,,,,,,,,,,,,,,,,,,,,,,,,,,,,,,,,,,,,,,,,,,,,,,,,,,,,,,,,,,,,,,,,,,,,,,,,,,,,,,,,,,,,,,,,,,,,,,,,,,,,,,,,,,,,,,,,,,,,,,,,,,,,,,,,,,,,,,,,,,,,,,,,,,,,,,,,,,,,,,,,,,,,,,,,,,,,,,,,,,,,,,,,,,,,,,,,,,,,,,,,,,,,,,,,,,,,,,,,,,,,,,,,,,,,,,,,,,,,,,,,,,,,,,,,,,,,,,,,,,,
Colon_Sigmoid,,RGS10,TES,LY6G6D,LY6G6D,PLA2G2C,MDM1,CCL11,BMP3,CNN1,TNC,NT5DC3,KERA,GDNF,VIP,BTC,QRFP,SLMAP,GREM2,NME4,ROR2,CSRP1,NRP2,DPT,BAG2,OPTC,PDE9A,LOXL2,SEMA3C,RNF150,ABL1,LRIG1,,,,,,,,,,,,,,,,,,,,,,,,,,,,,,,,,,,,,,,,,,,,,,,,,,,,,,,,,,,,,,,,,,,,,,,,,,,,,,,,,,,,,,,,,,,,,,,,,,,,,,,,,,,,,,,,,,,,,,,,,,,,,,,,,,,,,,,,,,,,,,,,,,,,,,,,,,,,,,,,,,,,,,,,,,,,,,,,,,,,,,,,,,,,,,,,,,,,,,,,,,,,,,,,,,,,,,,,,,,,,,,,,,,,,,,,,,,,,,,,,,,,,,,,,,,,,,,,,,,,,,,,,,,,,,,,,,,,,,,,,,,,,,,,,,,,,,,,,,,,,,,,,,,,,,,,,,,,,,,,,,,,,,,,,,,,,,,,,,,,,,,,,,,,,,,,,,,,,,,,,,,,,,,,,,,,,,,,,,,,,,,,,,,,,,,,,,,,,,,,,,,,,,,,,,,,,,,,,,,,,,,,,,,,,,,,,,,,,,,,,,,,,,,,,,,,,,,,,,,,,,,,,,,,,,,,,,,,,,,,,,,,,,,,,,,,,,,,,,,,,,,,,,,,,,,,,,,,,,,,,,,,,,,,,,,,,,,,,,,,,,,,,,,,,,,,,,,,,,,,,,,,,,,,,,,,,,,,,,,,,,,,
Colon_Transverse,,CA1,DHRS9,NANS,TRABD2A,TRABD2A,ETHE1,MYB,DCTPP1,HEPACAM2,JCHAIN,BTNL3,ADAMDEC1,ZG16,LGALS4,CLCA1,CDH17,KRT20,UGT1A8,AOC1,CEACAM7,PYY,PIGR,C15orf48,IHH,TFF3,CCL15,AGR2,ST6GALNAC1,EFNA2,BMP3,PLS1,PLA2G10,CA7,CHST5,CCL13,EPHA10,OMP,TPSG1,DSG2,SATB2,EPHB2,PDE9A,,,,,,,,,,,,,,,,,,,,,,,,,,,,,,,,,,,,,,,,,,,,,,,,,,,,,,,,,,,,,,,,,,,,,,,,,,,,,,,,,,,,,,,,,,,,,,,,,,,,,,,,,,,,,,,,,,,,,,,,,,,,,,,,,,,,,,,,,,,,,,,,,,,,,,,,,,,,,,,,,,,,,,,,,,,,,,,,,,,,,,,,,,,,,,,,,,,,,,,,,,,,,,,,,,,,,,,,,,,,,,,,,,,,,,,,,,,,,,,,,,,,,,,,,,,,,,,,,,,,,,,,,,,,,,,,,,,,,,,,,,,,,,,,,,,,,,,,,,,,,,,,,,,,,,,,,,,,,,,,,,,,,,,,,,,,,,,,,,,,,,,,,,,,,,,,,,,,,,,,,,,,,,,,,,,,,,,,,,,,,,,,,,,,,,,,,,,,,,,,,,,,,,,,,,,,,,,,,,,,,,,,,,,,,,,,,,,,,,,,,,,,,,,,,,,,,,,,,,,,,,,,,,,,,,,,,,,,,,,,,,,,,,,,,,,,,,,,,,,,,,,,,,,,,,,,,,,,,,,,,,,,,,,,,,,,,,,,,,,,,,,,,,,,,,,,,,,,,,,,,,,,,,,,,,,,,
Esophagus_Mucosa,,S100A11,NAGK,GRN,GNAI3,SERPINB1,PIM1,PLIN3,LTB4R,PGAM1,STMP1,DNAJB1,SPINK8,EIF4A3,SRXN1,CAPNS1,NT5C2,OAS1,DAPP1,BCL10,YWHAZ,PSME3,MAPK13,MYCBP,ARF6,GM2A,ERO1A,KREMEN1,UBE2C,RRM2,HMGA1,TK1,KCTD5,VPS25,UPK3BL1,TMOD3,TMOD3,PGM2,AURKB,PPIH,B3GNT2,CASP3,NCK2,SEMA4B,S100A10,ADPRS,PA2G4,EIF5A,PI3,STK24,BIRC5,PCNA,MVD,PCLAF,IL1RN,TEC,GALNT1,FOXM1,TXN,TNFSF9,EZR,XXYLT1,TP53I3,RACGAP1,SPTLC1,ANXA1,ZWINT,IL18,EDAR,DSC2,CCNA2,CCNB1,EPHA1,CENPW,ANXA2,GLTP,HMGCR,MAD2L1,PPIA,IL36A,ADH7,GBP6,PRC1,BLNK,DEFB4A,DEFB4A,CRNN,TMPRSS11B,KLK13,TAF15,SPINK7,CLINT1,PRSS27,RAET1L,TMPRSS11A,ALDH3A1,SERPINB4,TMPRSS11D,DSG3,A2ML1,SERPINB13,FGFBP1,S100A2,SPINK5,S100A14,NMU,KRT16,CRABP2,CLCA2,RAB11A,SFN,IL1A,ECM1,LYPD3,PGLYRP3,SERPINB5,KRT5,FAM3D,S100A7,KLK8,SULT2B1,ENDOU,FUT3,AKR1B10,ANXA8,PTK6,ACAT2,NECTIN4,TACSTD2,PRSS22,RAB27B,LAD1,EHF,KLK11,SPINT1,HEPHL1,MREG,CDCP1,RAET1G,S100A16,JUP,KLRG2,NECTIN1,MPZL2,CDKN2B,ESRP1,IRF6,DKK4,SDCBP2,KRT19,CHEK1,POLE2,ULBP2,CCL17,GRB7,DTYMK,CDH1,S100A3,HSPB1,IGSF3,RAB14,WNT5A,METAP1,ANAPC7,ITGA2,NOP16,CBR3,ARL4D,SMCO2,CD9,RALA,SNRPF,RAN,SH3BGRL2,PRDX1,PDCD6,LNX1,RND3,ID1,DENR,TWF1,GLRX3,ZHX1,,,,,,,,,,,,,,,,,,,,,,,,,,,,,,,,,,,,,,,,,,,,,,,,,,,,,,,,,,,,,,,,,,,,,,,,,,,,,,,,,,,,,,,,,,,,,,,,,,,,,,,,,,,,,,,,,,,,,,,,,,,,,,,,,,,,,,,,,,,,,,,,,,,,,,,,,,,,,,,,,,,,,,,,,,,,,,,,,,,,,,,,,,,,,,,,,,,,,,,,,,,,,,,,,,,,,,,,,,,,,,,,,,,,,,,,,,,,,,,,,,,,,,,,,,,,,,,,,,,,,,,,,,,,,,,,,,,,,,,,,,,,,,,,,,,,,,,,,,,,,,,,,,,,,,,,,,,,,,,,,,,,,,,,,,,,,,,,,,,,,,,,,,,,,,,,,,,,,,,,,,,,,,,,,,,,,,,,,,,,,,,,,,,,,,,,,,,,,,,,,,,,,,,,,,,,,,,,,,,,,,,,,,,,,,,,,
Esophagus_Muscularis,,RANBP3,ACTN1,ARSB,ANTXR2,CHMP3,CST5,SCUBE1,EPHA7,BTC,NTN1,RSPO3,ADAMTSL1,BCHE,NRP2,SEMA3E,CLMP,LAMA4,RGMA,GPC4,DPYSL3,RGMB,KITLG,KIT,ADH5,PARVA,OCRL,,,,,,,,,,,,,,,,,,,,,,,,,,,,,,,,,,,,,,,,,,,,,,,,,,,,,,,,,,,,,,,,,,,,,,,,,,,,,,,,,,,,,,,,,,,,,,,,,,,,,,,,,,,,,,,,,,,,,,,,,,,,,,,,,,,,,,,,,,,,,,,,,,,,,,,,,,,,,,,,,,,,,,,,,,,,,,,,,,,,,,,,,,,,,,,,,,,,,,,,,,,,,,,,,,,,,,,,,,,,,,,,,,,,,,,,,,,,,,,,,,,,,,,,,,,,,,,,,,,,,,,,,,,,,,,,,,,,,,,,,,,,,,,,,,,,,,,,,,,,,,,,,,,,,,,,,,,,,,,,,,,,,,,,,,,,,,,,,,,,,,,,,,,,,,,,,,,,,,,,,,,,,,,,,,,,,,,,,,,,,,,,,,,,,,,,,,,,,,,,,,,,,,,,,,,,,,,,,,,,,,,,,,,,,,,,,,,,,,,,,,,,,,,,,,,,,,,,,,,,,,,,,,,,,,,,,,,,,,,,,,,,,,,,,,,,,,,,,,,,,,,,,,,,,,,,,,,,,,,,,,,,,,,,,,,,,,,,,,,,,,,,,,,,,,,,,,,,,,,,,,,,,,,,,,,,,,,,,,,,,,,,,,,,,
Heart_Atrial_Appendage,,DHRS9,ASAH1,PDCD1,CPT1B,EIF1AY,ERCC1,ST8SIA6,BMP10,NPPA,NPPB,MYL7,PRLH,FGF23,GHRH,TNNT2,ANKRD1,CSRP3,PXDNL,USP28,CASQ2,MYZAP,PCOLCE2,PLA2G5,PAM,PLA2G2A,FGF12,NTN1,MDH1,GSN,CYCS,DKK3,ADAMTSL2,C7,IL25,F8,ENG,PPARGC1A,NGF,CRIP2,BAMBI,CYGB,EDA,UQCRB,BOLA3,PPIL1,ATAD1,,,,,,,,,,,,,,,,,,,,,,,,,,,,,,,,,,,,,,,,,,,,,,,,,,,,,,,,,,,,,,,,,,,,,,,,,,,,,,,,,,,,,,,,,,,,,,,,,,,,,,,,,,,,,,,,,,,,,,,,,,,,,,,,,,,,,,,,,,,,,,,,,,,,,,,,,,,,,,,,,,,,,,,,,,,,,,,,,,,,,,,,,,,,,,,,,,,,,,,,,,,,,,,,,,,,,,,,,,,,,,,,,,,,,,,,,,,,,,,,,,,,,,,,,,,,,,,,,,,,,,,,,,,,,,,,,,,,,,,,,,,,,,,,,,,,,,,,,,,,,,,,,,,,,,,,,,,,,,,,,,,,,,,,,,,,,,,,,,,,,,,,,,,,,,,,,,,,,,,,,,,,,,,,,,,,,,,,,,,,,,,,,,,,,,,,,,,,,,,,,,,,,,,,,,,,,,,,,,,,,,,,,,,,,,,,,,,,,,,,,,,,,,,,,,,,,,,,,,,,,,,,,,,,,,,,,,,,,,,,,,,,,,,,,,,,,,,,,,,,,,,,,,,,,,,,,,,,,,,,,,,,,,,,,,,,,,,,,,,,,,,,,,,,,,,,,,,,,,,,,,,,,,,,,
Heart_Left_Ventricle,,ASAH1,MAPKAPK2,MYL12A,GLRX5,BSG,ST3GAL1,PRKACA,PDE7A,MAPKAPK3,EMC8,HSF1,DECR1,NDUFB11,HMOX2,GPI,CPT1B,ESRRA,EIF1AY,FXN,ERCC1,ATP5F1B,ISCU,MRPL52,ATP5MF,COX5B,MYL3,ETFA,TNNI3,TNNT2,ANKRD1,CSRP3,PXDNL,MB,MYOM2,MYOM3,MDH2,SRL,HRC,FABP3,CKMT2,EHD4,USP28,CS,PTP4A3,ASIP,CRADD,CASQ2,COX5A,MYZAP,PKP2,AK1,ST3GAL6,ACADVL,NDUFV2,DCUN1D2,SNAPIN,AIFM1,PLA2G5,LCN10,TMOD1,TPM1,GCNT2,FGF18,DIRAS1,FGF12,ST8SIA2,CDH2,GOT1,DLD,DUSP3,LDHB,PDE3A,MDH1,CYCS,THBS4,PTGES2,STOML2,ATP5PO,FH,F8,COX4I2,CRIP2,AFAP1L1,RTN4IP1,ATP5PF,VLDLR,MRPL34,ACADM,ECI2,TIMM50,HADH,PDHX,CISD1,CAMK2D,GALNT16,SIAE,UQCRB,MRPL21,PHPT1,BOLA3,NAXE,RMDN1,MICOS10,LSM1,LGALS3BP,LARGE1,PPIL1,TIMM21,NFU1,PCDHGA1,GPC1,NDUFS4,DNAJC19,POMGNT1,PDCD5,,,,,,,,,,,,,,,,,,,,,,,,,,,,,,,,,,,,,,,,,,,,,,,,,,,,,,,,,,,,,,,,,,,,,,,,,,,,,,,,,,,,,,,,,,,,,,,,,,,,,,,,,,,,,,,,,,,,,,,,,,,,,,,,,,,,,,,,,,,,,,,,,,,,,,,,,,,,,,,,,,,,,,,,,,,,,,,,,,,,,,,,,,,,,,,,,,,,,,,,,,,,,,,,,,,,,,,,,,,,,,,,,,,,,,,,,,,,,,,,,,,,,,,,,,,,,,,,,,,,,,,,,,,,,,,,,,,,,,,,,,,,,,,,,,,,,,,,,,,,,,,,,,,,,,,,,,,,,,,,,,,,,,,,,,,,,,,,,,,,,,,,,,,,,,,,,,,,,,,,,,,,,,,,,,,,,,,,,,,,,,,,,,,,,,,,,,,,,,,,,,,,,,,,,,,,,,,,,,,,,,,,,,,,,,,,,,,,,,,,,,,,,,,,,,,,,,,,,,,,,,,,,,,,,,,,,,,,,,,,,,,,,,,,,,,,,,,,,,,,
Kidney_Cortex,,MSRA,CTSH,PLAAT4,TMEM106A,HSPA1B,TCN2,FCRLB,HAVCR1,LYG1,BLOC1S5,LGALS2,SMIM24,DPP4,ADM2,IL1RL1,TMEM52B,REN,AOC1,CNDP2,FCAMR,KAAG1,INSL4,FAM151A,RBP5,SLC3A1,DPEP1,PLAAT2,SULT1C2,ESM1,SPP1,DEFB1,CUBN,AMN,GDF15,DDC,LRP2,RHEX,FOLR1,ACY1,CALB1,KL,NXPH2,USH1C,PTH1R,SCIN,FAM24B,CRHBP,PAPPA2,HOGA1,UBD,CA12,ENPEP,FREM2,ACSF2,ZPLD1,ARG2,CMBL,IL17RB,FLRT3,BCAM,CDH6,DNPH1,AK4,COA3,AGRN,GALNT11,BDH2,MOB1B,,,,,,,,,,,,,,,,,,,,,,,,,,,,,,,,,,,,,,,,,,,,,,,,,,,,,,,,,,,,,,,,,,,,,,,,,,,,,,,,,,,,,,,,,,,,,,,,,,,,,,,,,,,,,,,,,,,,,,,,,,,,,,,,,,,,,,,,,,,,,,,,,,,,,,,,,,,,,,,,,,,,,,,,,,,,,,,,,,,,,,,,,,,,,,,,,,,,,,,,,,,,,,,,,,,,,,,,,,,,,,,,,,,,,,,,,,,,,,,,,,,,,,,,,,,,,,,,,,,,,,,,,,,,,,,,,,,,,,,,,,,,,,,,,,,,,,,,,,,,,,,,,,,,,,,,,,,,,,,,,,,,,,,,,,,,,,,,,,,,,,,,,,,,,,,,,,,,,,,,,,,,,,,,,,,,,,,,,,,,,,,,,,,,,,,,,,,,,,,,,,,,,,,,,,,,,,,,,,,,,,,,,,,,,,,,,,,,,,,,,,,,,,,,,,,,,,,,,,,,,,,,,,,,,,,,,,,,,,,,,,,,,,,,,,,,,,,,,,,,,,,,,,,,,,,,,,,,,,,,,,,,,,,,,,,,,,,,,,,,,,,,,,,
Kidney_Medulla,,PNP,CTSH,S100A5,SIGLEC15,CDK2AP2,PTGS2,IER3,HAVCR1,LYG1,BLOC1S5,TRAPPC4,EDDM3B,IFNA14,BMP6,UMOD,UXS1,LIF,FCAMR,EGF,ADGRG1,TDGF1,SULT1C2,GGT2,SPP1,DEFB1,GDF15,TNFRSF12A,ITGB6,RIPPLY1,PLAU,GDF3,RNASE10,CCL7,CXCL10,TNFSF15,SCIN,PAPPA2,CCL8,GRB7,FREM2,ZPLD1,ARG2,CCL19,AIF1L,CCL2,FLRT3,WWC1,BCAM,TRIB2,COA3,AGRN,DNAJC11,,,,,,,,,,,,,,,,,,,,,,,,,,,,,,,,,,,,,,,,,,,,,,,,,,,,,,,,,,,,,,,,,,,,,,,,,,,,,,,,,,,,,,,,,,,,,,,,,,,,,,,,,,,,,,,,,,,,,,,,,,,,,,,,,,,,,,,,,,,,,,,,,,,,,,,,,,,,,,,,,,,,,,,,,,,,,,,,,,,,,,,,,,,,,,,,,,,,,,,,,,,,,,,,,,,,,,,,,,,,,,,,,,,,,,,,,,,,,,,,,,,,,,,,,,,,,,,,,,,,,,,,,,,,,,,,,,,,,,,,,,,,,,,,,,,,,,,,,,,,,,,,,,,,,,,,,,,,,,,,,,,,,,,,,,,,,,,,,,,,,,,,,,,,,,,,,,,,,,,,,,,,,,,,,,,,,,,,,,,,,,,,,,,,,,,,,,,,,,,,,,,,,,,,,,,,,,,,,,,,,,,,,,,,,,,,,,,,,,,,,,,,,,,,,,,,,,,,,,,,,,,,,,,,,,,,,,,,,,,,,,,,,,,,,,,,,,,,,,,,,,,,,,,,,,,,,,,,,,,,,,,,,,,,,,,,,,,,,,,,,,,,,,,,,,,,,,,,,,,,,,,
Liver,,APMAP,PRG2,IL1RAP,LMAN2,TNFSF14,F5,CLEC1B,POLD4,FURIN,GSTK1,ERLIN1,GALK1,GUSB,MSRA,ARG1,KYNU,POR,CAT,ACAA1,TOR1AIP2,CHI3L1,IL32,GSTO1,LAMTOR2,NUCB1,PSME2,NUDT5,HAGH,C1RL,TXNDC11,MRPL55,HS3ST3B1,CCS,SERPINA1,CEBPA,CALR,CRCP,PECR,SDF2L1,DHX58,EDF1,TNFRSF10D,STAU1,DECR1,RFNG,TNFRSF10B,DNAJB11,MYDGF,ABHD14B,FBP1,CCDC167,ASGR2,MANF,HGF,FAM20A,SHMT2,HSD17B10,NAT1,DDT,DDT,ASL,HSD17B7,PTP4A1,HPGD,MPST,FXN,INSIG1,GCDH,ST6GAL1,ID2,UGP2,MGAT4B,ASGR1,CLEC4G,CES1,SMPD1,TNFSF11,ATOX1,PDIA4,BTD,TFR2,HP,FAH,TMED2,ITIH4,PGLYRP2,APOM,C4BPA,SNTB1,SERPINC1,H6PD,SERPINA11,PROC,APOA2,A1BG,ITIH1,APOF,AHSG,APOH,APCS,CFHR2,FGG,F9,C8G,F2,CPB2,CRP,MBL2,APOC3,CFHR5,HAO1,C9,APOA5,SERPINA7,F13B,CFHR4,HPX,ALB,HRG,GDF2,SAA4,GC,AMBP,ADH4,SERPIND1,ITIH2,CFHR3,OIT3,IGFBP1,SERPINA10,AKR1D1,APOA1,ADH1A,LBP,INHBC,AFM,HPD,TDO2,CA5A,PLG,ABCC6,VTN,APOC2,CYP3A4,C4BPB,LECT2,PON1,APOB,PKLR,LEAP2,TIMELESS,F7,FGL1,FETUB,ANGPTL8,SERPINF2,HGFAC,ADH6,ANG,RBP4,COLEC10,ITIH3,GCKR,HAMP,CCL16,SAA1,OTC,ETFA,ENPP7,KNG1,CLEC4M,A1CF,IGFALS,F11,AKR1A1,SULT2A1,HAAO,APOL1,GLTPD2,PLA2G12B,HGD,DCXR,HMGCS2,IL3,C2,CFB,APOC1,MST1,TST,UGT1A1,FCN2,SLC27A2,FABP1,GGH,PCSK9,SERPINA4,ALDOB,PCK1,C5,CP,SORD,C6,AFP,EPO,KLKB1,HNF4A,RBP5,PZP,ACOT13,ADH1C,NR1H4,CDHR5,SERPINA3,TF,GSTA1,NPW,ACADS,AZGP1,CCL15,SHMT1,DAO,CHST4,CRADD,ACAT2,GPX2,AMN,GSTZ1,ADK,SHBG,RBKS,KLB,UGT1A6,GALP,ST3GAL6,ACADVL,RIPPLY1,BHMT2,AGT,ART4,ARL5B,RIDA,GATM,ACY1,CISD2,GPT,EFNA2,FOXRED1,CFI,C3,ALDH2,PPID,COLEC11,SHH,SDSL,HYAL1,LRRC3,DECR2,FGFR4,NNMT,HDHD3,CBS,CRHBP,TACO1,AKR1C3,HOGA1,ECHS1,CYB5A,MASP1,QPRT,THPO,CFH,APOE,RNF128,ENTPD5,ADH1B,F10,KISS1,GHR,NOTUM,ACADSB,PC,OMP,LCAT,OAF,PTGR1,RARRES2,CPOX,GREM2,BCL2L10,LYSMD3,PDIA5,CHRD,MTHFD1,SYT7,CMBL,HMGB3,BCHE,MVK,AKR1C1,PROS1,FH,IL1RAPL2,RNASE4,ABLIM3,PNPO,PLA1A,MINPP1,SMOC1,FNDC4,FST,C1R,TFPI,OXSM,SERPING1,RPRD1B,EIF5,ALDH6A1,COMT,HINT2,MRPL2,PPARA,C1orf115,C1orf226,MRPL34,C1S,IVD,HSPE1,ECI2,UGDH,TSLP,ADAMTS13,LEPR,SUOX,RNASE13,SEPSECS,BPHL,ALDH1A1,SOD1,IGFBP4,ISOC1,NIT2,TRIAP1,SPR,MET,TIMM8A,MMAB,LMAN1,HIBADH,PRPSAP1,ARMC5,PGRMC1,PVR,SCO1,IMPA1,MANEA,MCEE,POFUT1,IL17RC,PAICS,GXYLT1,DNAJC16,HINT1,SNX4,,,,,,,,,,,,,,,,,,,,,,,,,,,,,,,,,,,,,,,,,,,,,,,,,,,,,,,,,,,,,,,,,,,,,,,,,,,,,,,,,,,,,,,,,,,,,,,,,,,,,,,,,,,,,,,,,,,,,,,,,,,,,,,,,,,,,,,,,,,,,,,,,,,,,,,,,,,,,,,,,,,,,,,,,,,,,,,,,,,,,,,,,,,,,,,,,,,,,,,,,,,,,,,,,,,,,,,,,,,,,,,,,,,,,,,,,,,,,,,,,,,,,,,,,,,,
Lung,,CXCL8,CASS4,IL7R,CEMIP2,WARS1,PECAM1,MARCO,ADAM17,HLA-DQA2,HLA-DQA2,PTGS2,CD274,ICAM1,ACP5,NEDD9,TFRC,IL3RA,MSR1,CD80,HGF,AGER,IDO1,IL1RL1,CCL20,SFTPB,CSF2,SFTPD,ROS1,ALPP,CCL18,FCN3,EGFL6,MSLN,ALPG,WNT3A,FOLR1,IL15RA,CXCL10,CCL23,FGFR4,CCL17,MRC1,CXCL9,RSPO4,GPC3,NDNF,PHEX,VEGFD,DKK2,A2M,PLA1A,LUM,COX4I2,TFPI,ADGRF5,CDH5,GDF10,ACVRL1,RAMP3,SLIT2,TEK,SPON1,SMURF2,BMPR2,,,,,,,,,,,,,,,,,,,,,,,,,,,,,,,,,,,,,,,,,,,,,,,,,,,,,,,,,,,,,,,,,,,,,,,,,,,,,,,,,,,,,,,,,,,,,,,,,,,,,,,,,,,,,,,,,,,,,,,,,,,,,,,,,,,,,,,,,,,,,,,,,,,,,,,,,,,,,,,,,,,,,,,,,,,,,,,,,,,,,,,,,,,,,,,,,,,,,,,,,,,,,,,,,,,,,,,,,,,,,,,,,,,,,,,,,,,,,,,,,,,,,,,,,,,,,,,,,,,,,,,,,,,,,,,,,,,,,,,,,,,,,,,,,,,,,,,,,,,,,,,,,,,,,,,,,,,,,,,,,,,,,,,,,,,,,,,,,,,,,,,,,,,,,,,,,,,,,,,,,,,,,,,,,,,,,,,,,,,,,,,,,,,,,,,,,,,,,,,,,,,,,,,,,,,,,,,,,,,,,,,,,,,,,,,,,,,,,,,,,,,,,,,,,,,,,,,,,,,,,,,,,,,,,,,,,,,,,,,,,,,,,,,,,,,,,,,,,,,,,,,,,,,,,,,,,,,,,,,,,,,,,,,,,,,,,,,,,,,,,,,,,,,,,,,
Minor_Salivary_Gland,,MANSC1,LCN2,LYZ,LTF,TNFSF10,GALNT3,CHI3L2,TCN1,ELAPOR1,CXCL5,SLPI,CRISP3,JCHAIN,LPO,SPINK14,STATH,ZG16B,FDCSP,C6orf58,HTN1,OPRPN,PRR27,CCL28,MMP3,SCGB3A1,IL19,SMR3A,DMBT1,PIGR,SLC6A14,MUC16,GMDS,FAM3D,CXCL17,SPDEF,AZGP1,KRT7,DEFB1,FUT2,FOLR1,WFDC2,EHF,SCGB2A1,COL10A1,MMP10,CHST9,DNASE2B,TNFSF15,KRT19,PRSS8,CCL17,RARRES1,GDF5,ALDH1A3,ENTPD3,DSG2,CREB3L1,C5orf38,CBR3,PRPSAP1,TGFB2,,,,,,,,,,,,,,,,,,,,,,,,,,,,,,,,,,,,,,,,,,,,,,,,,,,,,,,,,,,,,,,,,,,,,,,,,,,,,,,,,,,,,,,,,,,,,,,,,,,,,,,,,,,,,,,,,,,,,,,,,,,,,,,,,,,,,,,,,,,,,,,,,,,,,,,,,,,,,,,,,,,,,,,,,,,,,,,,,,,,,,,,,,,,,,,,,,,,,,,,,,,,,,,,,,,,,,,,,,,,,,,,,,,,,,,,,,,,,,,,,,,,,,,,,,,,,,,,,,,,,,,,,,,,,,,,,,,,,,,,,,,,,,,,,,,,,,,,,,,,,,,,,,,,,,,,,,,,,,,,,,,,,,,,,,,,,,,,,,,,,,,,,,,,,,,,,,,,,,,,,,,,,,,,,,,,,,,,,,,,,,,,,,,,,,,,,,,,,,,,,,,,,,,,,,,,,,,,,,,,,,,,,,,,,,,,,,,,,,,,,,,,,,,,,,,,,,,,,,,,,,,,,,,,,,,,,,,,,,,,,,,,,,,,,,,,,,,,,,,,,,,,,,,,,,,,,,,,,,,,,,,,,,,,,,,,,,,,,,,,,,,,,,,,,,,,,,
Muscle_Skeletal,,SH2D1B,BCL6,B4GALT5,UBC,UBE2D3,PCBP1,NSFL1C,RAF1,RPA2,MAP2K2,SH3GLB1,IL6R,IGF2R,MAP2K6,IK,UBE2D1,KPNB1,BRD4,UBE2B,ARAF,HDGF,BAG1,CAB39,MAPKAPK2,EPS15L1,TSG101,MYL12A,PPM1A,NT5C3A,MAFG,TANK,GLRX5,POLR2J,PSMD4,FLII,TPI1,UBE2A,UFD1,DAPK2,RPS6KA3,SNAP29,PKM,EIF3G,UBE2D2,CDC37,ASH2L,PRKACA,CCT5,PPP1R2,PDE7A,BECN1,IL12RB2,STIM1,MAPKAPK3,EMC8,CERT1,GLRX,CLPP,NAA10,CBFB,IGBP1,HSF1,AKT2,SOD2,NFATC1,GMPR,PSMA7,PSMA1,ARFGAP2,COG8,KPNA1,DERL1,POLE3,CRKL,PA2G4,GLUL,EIF5A,KARS1,ADRM1,EIF4E2,NPLOC4,GCLM,YBX1,IDI1,XRCC6,CAST,PRKCQ,NACA,RTF1,IMPA2,DUSP28,RNF114,FOXO3,P4HA1,PCMT1,NBR1,DNAJA2,HDGFL2,PSMB2,PRDX6,PRPS1,PSMA6,ENSA,HIF1AN,PSMD7,NDUFB11,KPNA4,ANXA7,AP1S2,VPS29,TSR3,SQSTM1,SATB1,RAD23A,VPS4A,HSPA8,WBP1L,WBP1L,FIS1,MEMO1,C1orf43,PSMB6,NMT1,EGLN1,EIF4B,PDE4D,EIF4H,PVRIG,ESRRA,EIF1AY,HNRNPA2B1,AHSA1,PTP4A1,DCTPP1,ODC1,ADSL,USP25,ATP5F1B,DUSP13,RBL1,TBK1,TMEM70,CYB5R1,UGP2,PREP,AAGAB,CDK16,RAB21,CUL3,PPP1CC,PGM1,TNNI2,TPT1,PRKAR2A,CAPN3,TNNT3,IDI2,CA3,MYBPC1,ATP1B4,FGF6,ENO3,COX5B,HIPK3,CSDE1,ETFA,TTN,HJV,BIN1,TCP1,CAV3,MB,MYOM2,ACTN2,MYOM3,JPH1,MDH2,EGF,SRL,CDH15,CKMT2,G3BP2,USP28,NODAL,CS,C1D,ACADS,CCT7,PTP4A3,SGTA,ART3,COX5A,RRM2B,STUB1,AK1,DRG1,ACADVL,PSMD11,NDUFV2,DCUN1D2,MRPL14,ABRAXAS2,SNAPIN,KEAP1,PFKM,VTA1,PPID,VARS1,MAPK12,SCT,FHL1,LGR5,TMOD1,PPP1R1A,PSMA2,P2RX6,MEF2C,ZFAND5,HDLBP,EMC4,NFE2L1,PARK7,DUSP26,VBP1,IDE,GHR,GDNF,RETREG1,BAG3,MRPL58,SEMA6C,CDNF,DLD,DUSP3,USO1,MYL6B,PDLIM1,HSPB6,MICU2,STAU2,PTGES2,DGCR6,STOML2,CMBL,ST13,PSMA4,FH,GADD45GIP1,OLA1,KIF1C,C1QBP,SNTA1,RPRD1B,EIF5,HOMER1,CD99L2,MYORG,RTN4IP1,MRPL2,RAB2A,NOP16,G3BP1,WWP1,ACADM,FKBP3,ECI2,TIMM50,CSNK2A1,CEBPG,PCBD2,RGMA,SMAD4,HADH,PDHX,SSRP1,PPM1L,PPP2R3A,TRIP10,PKDCC,CISD1,TRIAP1,CAMK2D,CUL1,MRPL21,SNUPN,PSMB5,HSPA9,RBM17,RMDN1,PSMA3,DDX19A,RNASEH1,HSP90AB1,TIMM21,DCUN1D5,VAPB,NFU1,MOB4,RRAS2,ALKBH3,DENR,RPS6KB1,FAM174A,DNAJC11,BPNT2,RPP30,UBE2G2,NCL,GLO1,MSTN,SBDS,DAG1,DNAJC16,COPS2,MTPAP,NDUFS4,ASH1L,GTF2I,PEX5,DNAJC19,ZNF41,EIF4A2,USP14,IARS1,DARS1,ATAD1,PAIP1,BCCIP,EIF1AX,METAP2,MAP4K3,EBAG9,PDCD5,,,,,,,,,,,,,,,,,,,,,,,,,,,,,,,,,,,,,,,,,,,,,,,,,,,,,,,,,,,,,,,,,,,,,,,,,,,,,,,,,,,,,,,,,,,,,,,,,,,,,,,,,,,,,,,,,,,,,,,,,,,,,,,,,,,,,,,,,,,,,,,,,,,,,,,,,,,,,,,,,,,,,,,,,,,,,,,,,,,,,,,,,,,,,,,,,,,,,,,,,,,,,,,,,,,,,,,,,,,,,,,,,,,,,,,,,,,,,,,,,,,,,,,,,,,,,,,,,,,,,,,,,,,,,,,,,,,,,,,,,,
Nerve_Tibial,,ST6GALNAC2,AURKB,SAMHD1,SPHK1,CHEK2,MPZ,FGF4,ANGPTL7,CNTF,CST1,BIRC7,MIA,NCMAP,RGS1,DCLK3,NDRG1,BMP8B,IL17B,LCTL,BCL2,SHH,KLRG2,PLEKHA4,SCUBE1,GFRA3,TMPRSS5,APOD,CCL13,SORCS1,MEOX2,GNRH1,COL28A1,NGFR,CYB5R2,VIT,IL34,MFAP5,THBS4,DKK2,PIK3R1,PDGFRL,IGFBP6,EMILIN3,CHL1,SEMA3B,ENTPD2,PAPLN,MATN3,VWA1,THSD7A,SEMA4C,ARHGEF10,SEMA5A,EHBP1,FER,,,,,,,,,,,,,,,,,,,,,,,,,,,,,,,,,,,,,,,,,,,,,,,,,,,,,,,,,,,,,,,,,,,,,,,,,,,,,,,,,,,,,,,,,,,,,,,,,,,,,,,,,,,,,,,,,,,,,,,,,,,,,,,,,,,,,,,,,,,,,,,,,,,,,,,,,,,,,,,,,,,,,,,,,,,,,,,,,,,,,,,,,,,,,,,,,,,,,,,,,,,,,,,,,,,,,,,,,,,,,,,,,,,,,,,,,,,,,,,,,,,,,,,,,,,,,,,,,,,,,,,,,,,,,,,,,,,,,,,,,,,,,,,,,,,,,,,,,,,,,,,,,,,,,,,,,,,,,,,,,,,,,,,,,,,,,,,,,,,,,,,,,,,,,,,,,,,,,,,,,,,,,,,,,,,,,,,,,,,,,,,,,,,,,,,,,,,,,,,,,,,,,,,,,,,,,,,,,,,,,,,,,,,,,,,,,,,,,,,,,,,,,,,,,,,,,,,,,,,,,,,,,,,,,,,,,,,,,,,,,,,,,,,,,,,,,,,,,,,,,,,,,,,,,,,,,,,,,,,,,,,,,,,,,,,,,,,,,,,,,,,,,,,,,,,,,,,,,,,,
Ovary,,JUND,GALNT10,TMPO,TRABD2A,TRABD2A,RPS3,LAG3,RPS4X,RPL30,TFRC,SULF2,BST2,SIGLEC11,WFIKKN2,GSTM1,PROK1,CPZ,ECEL1,ASIP,ABRAXAS1,PRPS2,NXPH2,RBP1,SCUBE1,DAPK1,CRYGD,HNRNPA1,TFPI2,CLSTN2,IMPDH2,HS3ST1,CCL26,NDNF,MDK,HS3ST3A1,ADAM12,CDH3,RPS27A,ST13,C7,NR4A1,PTK7,TENM4,SYTL4,IGFBP5,ADAMTS1,BAMBI,NAP1L1,VLDLR,CDH11,IGDCC4,NPM1,OLFML1,TRIB2,FKBP7,ROBO3,PDGFRA,RPS3A,RPS7,CCNB1IP1,KAT2A,,,,,,,,,,,,,,,,,,,,,,,,,,,,,,,,,,,,,,,,,,,,,,,,,,,,,,,,,,,,,,,,,,,,,,,,,,,,,,,,,,,,,,,,,,,,,,,,,,,,,,,,,,,,,,,,,,,,,,,,,,,,,,,,,,,,,,,,,,,,,,,,,,,,,,,,,,,,,,,,,,,,,,,,,,,,,,,,,,,,,,,,,,,,,,,,,,,,,,,,,,,,,,,,,,,,,,,,,,,,,,,,,,,,,,,,,,,,,,,,,,,,,,,,,,,,,,,,,,,,,,,,,,,,,,,,,,,,,,,,,,,,,,,,,,,,,,,,,,,,,,,,,,,,,,,,,,,,,,,,,,,,,,,,,,,,,,,,,,,,,,,,,,,,,,,,,,,,,,,,,,,,,,,,,,,,,,,,,,,,,,,,,,,,,,,,,,,,,,,,,,,,,,,,,,,,,,,,,,,,,,,,,,,,,,,,,,,,,,,,,,,,,,,,,,,,,,,,,,,,,,,,,,,,,,,,,,,,,,,,,,,,,,,,,,,,,,,,,,,,,,,,,,,,,,,,,,,,,,,,,,,,,,,,,,,,,,,,,,,,,,,,,,,,,,,,,,
Pancreas,,RAB3D,EXOSC1,ERN1,EEF1D,IL32,TPST2,ANPEP,SSR1,IL12RB2,RPSA,IGBP1,DDOST,BET1L,RPS5,MGAT4A,DAP,IMPA2,EDF1,PAFAH2,DNAJB11,MYDGF,EIF4EBP1,HSPA8,P4HB,BTG2,LGALS2,XPNPEP1,ELAPOR1,GRB10,LRRC59,PDIA6,ERP27,ANXA9,ADM2,CTRL,TMED2,PMM2,CTRC,PNLIP,CLPS,PNLIPRP1,CTRB1,CELA2A,CTRB2,PRSS1,CELA3B,INS,PRSS2,AMY2A,PNLIPRP2,CPB1,AMY1A,CEL,CUZD1,CPA2,REG1B,REG1A,PPY,SERPINI2,CLPSL1,REG3G,IAPP,SPINK1,KIRREL2,PRSS3,GCG,AMY2B,CFTR,PDCD4,REG3A,GPHA2,SERPINA4,CLPSL2,MNX1,IL22RA1,GLP1R,IFNL2,EGF,ERO1B,SLC3A1,DPEP1,CHST4,AKR7A3,RRBP1,MATN4,ANXA4,NR5A2,TTC17,FAM3B,A4GNT,GATM,SEC61G,SCGN,SST,CBS,FAM24B,CXCL11,NRG4,TMED10,HDLBP,IMPDH2,PRDX4,FAAH2,ARFIP2,KRT18,PYCR1,STC2,RNASE1,AKAP7,BNIP3,GMNN,PCDHAC1,PCDHA4,FLRT2,LETMD1,EEF1B2,FGFRL1,INSR,P4HA2,TSNARE1,METTL1,CANX,DLG3,ERLEC1,ZFAND1,MAN1A2,UFM1,NUDT9,,,,,,,,,,,,,,,,,,,,,,,,,,,,,,,,,,,,,,,,,,,,,,,,,,,,,,,,,,,,,,,,,,,,,,,,,,,,,,,,,,,,,,,,,,,,,,,,,,,,,,,,,,,,,,,,,,,,,,,,,,,,,,,,,,,,,,,,,,,,,,,,,,,,,,,,,,,,,,,,,,,,,,,,,,,,,,,,,,,,,,,,,,,,,,,,,,,,,,,,,,,,,,,,,,,,,,,,,,,,,,,,,,,,,,,,,,,,,,,,,,,,,,,,,,,,,,,,,,,,,,,,,,,,,,,,,,,,,,,,,,,,,,,,,,,,,,,,,,,,,,,,,,,,,,,,,,,,,,,,,,,,,,,,,,,,,,,,,,,,,,,,,,,,,,,,,,,,,,,,,,,,,,,,,,,,,,,,,,,,,,,,,,,,,,,,,,,,,,,,,,,,,,,,,,,,,,,,,,,,,,,,,,,,,,,,,,,,,,,,,,,,,,,,,,,,,,,,,,,,,,,,,,,,,,,,,,,,,,,,,,,,,,,
Pituitary,,XRCC1,COQ8B,TMEM234,IL5RA,ARFGAP1,GNAS,GPR68,SEC13,IL4,C1GALT1C1,TAC4,IL12B,PRL,POMC,GH1,CGA,FSHB,LHB,GH2,HTN3,GAL,ARHGAP36,DLK1,UGT2A1,BPIFA1,TSPEAR,COL2A1,MMP13,CHGB,UCMA,IBSP,CFC1,PCDHB1,CHGA,ASIC4,GCK,RAB3B,PCSK1N,QSOX2,PLD3,COL11A2,SCG5,C2orf66,NPTX2,ALK,NAALAD2,AGO3,GLT8D1,FANCL,,,,,,,,,,,,,,,,,,,,,,,,,,,,,,,,,,,,,,,,,,,,,,,,,,,,,,,,,,,,,,,,,,,,,,,,,,,,,,,,,,,,,,,,,,,,,,,,,,,,,,,,,,,,,,,,,,,,,,,,,,,,,,,,,,,,,,,,,,,,,,,,,,,,,,,,,,,,,,,,,,,,,,,,,,,,,,,,,,,,,,,,,,,,,,,,,,,,,,,,,,,,,,,,,,,,,,,,,,,,,,,,,,,,,,,,,,,,,,,,,,,,,,,,,,,,,,,,,,,,,,,,,,,,,,,,,,,,,,,,,,,,,,,,,,,,,,,,,,,,,,,,,,,,,,,,,,,,,,,,,,,,,,,,,,,,,,,,,,,,,,,,,,,,,,,,,,,,,,,,,,,,,,,,,,,,,,,,,,,,,,,,,,,,,,,,,,,,,,,,,,,,,,,,,,,,,,,,,,,,,,,,,,,,,,,,,,,,,,,,,,,,,,,,,,,,,,,,,,,,,,,,,,,,,,,,,,,,,,,,,,,,,,,,,,,,,,,,,,,,,,,,,,,,,,,,,,,,,,,,,,,,,,,,,,,,,,,,,,,,,,,,,,,,,,,,,,,,,,,,,,,,,,
Prostate,,SEMG1,ACP3,TGM4,KLK3,MSMB,KLK4,PATE1,POTEM,SPDEF,ISL1,NTF4,PI15,NEFH,ALDH1A3,PDE11A,EPHA3,ARTN,,,,,,,,,,,,,,,,,,,,,,,,,,,,,,,,,,,,,,,,,,,,,,,,,,,,,,,,,,,,,,,,,,,,,,,,,,,,,,,,,,,,,,,,,,,,,,,,,,,,,,,,,,,,,,,,,,,,,,,,,,,,,,,,,,,,,,,,,,,,,,,,,,,,,,,,,,,,,,,,,,,,,,,,,,,,,,,,,,,,,,,,,,,,,,,,,,,,,,,,,,,,,,,,,,,,,,,,,,,,,,,,,,,,,,,,,,,,,,,,,,,,,,,,,,,,,,,,,,,,,,,,,,,,,,,,,,,,,,,,,,,,,,,,,,,,,,,,,,,,,,,,,,,,,,,,,,,,,,,,,,,,,,,,,,,,,,,,,,,,,,,,,,,,,,,,,,,,,,,,,,,,,,,,,,,,,,,,,,,,,,,,,,,,,,,,,,,,,,,,,,,,,,,,,,,,,,,,,,,,,,,,,,,,,,,,,,,,,,,,,,,,,,,,,,,,,,,,,,,,,,,,,,,,,,,,,,,,,,,,,,,,,,,,,,,,,,,,,,,,,,,,,,,,,,,,,,,,,,,,,,,,,,,,,,,,,,,,,,,,,,,,,,,,,,,,,,,,,,,,,,,,,,,,,,,,,,,,,,,,,,,,,,,,,,,,,,,,,,
Skin_Not_Sun_Exposed_Suprapubic,,LIPN,LTB4R,ASTL,TNFRSF18,VDR,SERPINB8,CEBPA,VAV3,FCER1A,ACVR1B,EFNA4,CD1A,IL18,GLTP,HMGCR,TREX2,SERPINA9,GPC2,CA6,LGALSL,SPINT3,KRT1,LY6G6C,CDSN,SERPINA12,ADAM15,IL1F10,MUCL1,CLEC2A,CASP14,IGFL3,WFDC5,DSC1,CARD18,PSAPL1,LIPK,DSG1,KRTDAP,IL36G,IL36B,LGALS7B,LGALS7B,CST6,IL36RN,ATP1B3,KLK9,LGALS7,LGALS7,DMKN,KLK5,CD207,CCL27,SBSN,DNASE1L2,SCGB1D2,PGLYRP3,SERPINB5,KRT5,CDHR1,MYC,S100A7,KLK8,PMEL,SULT2B1,KLK7,CSNK2A2,TNS4,HOPX,SYT8,PSG4,ANXA8,KRT17,C5orf46,TP63,NECTIN4,CPA4,TUFT1,IL22RA2,CTSV,BLMH,KREMEN2,SMPDL3A,EFNA3,KLF4,XG,XG,JUP,NTF4,EPHB6,KLK14,ESRP1,IRF6,IL1RL2,BARD1,MST1R,LRRC15,TNFRSF19,IDE,CXCL14,BCL2L10,EPHB3,IL20RA,SOSTDC1,FGFR3,GAN,FGF22,NR1D1,GPNMB,LAMC2,CXADR,EGFR,APCDD1,PTPN13,TSNARE1,ACVR2A,JAG2,,,,,,,,,,,,,,,,,,,,,,,,,,,,,,,,,,,,,,,,,,,,,,,,,,,,,,,,,,,,,,,,,,,,,,,,,,,,,,,,,,,,,,,,,,,,,,,,,,,,,,,,,,,,,,,,,,,,,,,,,,,,,,,,,,,,,,,,,,,,,,,,,,,,,,,,,,,,,,,,,,,,,,,,,,,,,,,,,,,,,,,,,,,,,,,,,,,,,,,,,,,,,,,,,,,,,,,,,,,,,,,,,,,,,,,,,,,,,,,,,,,,,,,,,,,,,,,,,,,,,,,,,,,,,,,,,,,,,,,,,,,,,,,,,,,,,,,,,,,,,,,,,,,,,,,,,,,,,,,,,,,,,,,,,,,,,,,,,,,,,,,,,,,,,,,,,,,,,,,,,,,,,,,,,,,,,,,,,,,,,,,,,,,,,,,,,,,,,,,,,,,,,,,,,,,,,,,,,,,,,,,,,,,,,,,,,,,,,,,,,,,,,,,,,,,,,,,,,,,,,,,,,,,,,,,,,,,,,,,,,,,,,,,,,,,,,,,,,,,
Skin_Sun_Exposed_Lower_leg,,CSNK2B,TNFRSF18,SERPINB8,FCER1A,ACVR1B,EFNA4,CD1A,IL18,HMGCR,ANXA9,TREX2,SERPINA9,CA6,LGALSL,KRT1,LY6G6C,PSG2,CDSN,SERPINA12,ADAM15,IL1F10,MUCL1,CLEC2A,CASP14,IGFL3,WFDC5,LACRT,DSC1,CARD18,PSAPL1,LIPK,PSG7,DSG1,KRTDAP,IL36G,IL36B,LGALS7B,LGALS7B,CST6,IL36RN,ATP1B3,KLK9,LGALS7,LGALS7,DMKN,KLK5,CD207,CCL27,SBSN,DNASE1L2,SCGB1D2,PGLYRP3,SERPINB5,CDHR1,S100A7,KLK8,PMEL,OBP2A,KLK7,CSNK2A2,TNS4,HOPX,SYT8,PSG4,KRT17,C5orf46,TP63,NECTIN4,CPA4,TUFT1,CTSV,BLMH,KREMEN2,KLK11,SULT1E1,EFNA3,KLF4,XG,XG,JUP,KLK14,IRF6,CMA1,IL1RL2,BARD1,MST1R,LRRC15,TNFRSF19,IDE,CXCL14,EPHB3,IL20RA,FGFR3,GAN,FGF22,NR1D1,CXADR,RRM1,EGFR,APCDD1,PTPN13,TSNARE1,ACVR2A,LYSMD4,,,,,,,,,,,,,,,,,,,,,,,,,,,,,,,,,,,,,,,,,,,,,,,,,,,,,,,,,,,,,,,,,,,,,,,,,,,,,,,,,,,,,,,,,,,,,,,,,,,,,,,,,,,,,,,,,,,,,,,,,,,,,,,,,,,,,,,,,,,,,,,,,,,,,,,,,,,,,,,,,,,,,,,,,,,,,,,,,,,,,,,,,,,,,,,,,,,,,,,,,,,,,,,,,,,,,,,,,,,,,,,,,,,,,,,,,,,,,,,,,,,,,,,,,,,,,,,,,,,,,,,,,,,,,,,,,,,,,,,,,,,,,,,,,,,,,,,,,,,,,,,,,,,,,,,,,,,,,,,,,,,,,,,,,,,,,,,,,,,,,,,,,,,,,,,,,,,,,,,,,,,,,,,,,,,,,,,,,,,,,,,,,,,,,,,,,,,,,,,,,,,,,,,,,,,,,,,,,,,,,,,,,,,,,,,,,,,,,,,,,,,,,,,,,,,,,,,,,,,,,,,,,,,,,,,,,,,,,,,,,,,,,,,,,,,,,,,,,,,,,,,,,,,,,,,
Small_Intestine_Terminal_Ileum,,BTNL8,CD1D,CTLA4,IL7R,LY75,ANPEP,IL2RA,BIRC3,OLFM4,DPP4,TNFSF11,CCL20,HEPACAM2,CCL24,BTNL3,IL17A,DEFA5,CCL25,LCT,SPINK4,ALPI,FABP2,CEACAM20,ADAMDEC1,REG4,SIGLEC6,APOA4,PLA2G2E,C17orf78,CLCA1,TMPRSS15,REG3A,CDH17,KRT20,AOC1,FCRL4,GUCA2B,PYY,DMBT1,NCR2,FABP6,PLAAT2,CDHR5,AMN,MMP12,ANXA13,MADCAM1,MLN,IL26,PLS1,ACE2,CHST5,UBD,ENPEP,,,,,,,,,,,,,,,,,,,,,,,,,,,,,,,,,,,,,,,,,,,,,,,,,,,,,,,,,,,,,,,,,,,,,,,,,,,,,,,,,,,,,,,,,,,,,,,,,,,,,,,,,,,,,,,,,,,,,,,,,,,,,,,,,,,,,,,,,,,,,,,,,,,,,,,,,,,,,,,,,,,,,,,,,,,,,,,,,,,,,,,,,,,,,,,,,,,,,,,,,,,,,,,,,,,,,,,,,,,,,,,,,,,,,,,,,,,,,,,,,,,,,,,,,,,,,,,,,,,,,,,,,,,,,,,,,,,,,,,,,,,,,,,,,,,,,,,,,,,,,,,,,,,,,,,,,,,,,,,,,,,,,,,,,,,,,,,,,,,,,,,,,,,,,,,,,,,,,,,,,,,,,,,,,,,,,,,,,,,,,,,,,,,,,,,,,,,,,,,,,,,,,,,,,,,,,,,,,,,,,,,,,,,,,,,,,,,,,,,,,,,,,,,,,,,,,,,,,,,,,,,,,,,,,,,,,,,,,,,,,,,,,,,,,,,,,,,,,,,,,,,,,,,,,,,,,,,,,,,,,,,,,,,,,,,,,,,,,,,,,,,,,,,,,,,,,,,,,,,,,
Spleen,,FCRL6,S100Z,CD33,IL2RB,KIR2DL4,RUNX3,CCL3L3,CCL3L3,AIF1,IL12RB1,BTK,TRAT1,KLRB1,IL21R,CD3G,LY9,CCL4L2,CCL4L2,TNF,IL10RA,MFNG,XCL2,KLRK1,KLRK1,ADA2,IRF9,KLRF1,SIRPG,IFNL1,LTA,LY86,SH2D1A,CARD9,GNGT2,SLAMF6,FASLG,LILRB1,SLAMF1,SLAMF7,SIT1,LILRA4,GZMK,CD70,ADGRG5,FCMR,CASP10,SCIMP,KLRC1,MAP4K1,XCL1,CD226,IL10,CLEC2D,CPVL,IL24,FCGR2B,CD1D,CD4,TCL1A,CD8A,CTLA4,GIMAP6,CD163,CD74,PDCD1,CD27,TNFRSF4,VOPP1,CHKB,KLRC4,FCER2,SIGLEC15,CD79A,CD79B,CSF1R,BTLA,BTN3A3,TMEM106A,CHST12,FCRL3,HMOX1,IL2RA,FCRL1,CD69,HLA-DQA2,HLA-DQA2,ERAP2,MX1,BLK,CD274,CD38,TNFRSF13C,PNOC,PLA2G7,LAG3,STAB1,CD72,TNFRSF13B,IRF4,RTP4,BIRC3,CXCL1,FCRL5,SIGLEC12,SCARF1,IL18BP,MZB1,TNFRSF17,CD80,SLAMF8,SEMA7A,ENGASE,CR2,PLA2G2D,CCL24,EBI3,CD5L,CXCL6,LRTM1,CXCL13,BLNK,STAB2,FCRL4,C1QC,SNX8,LILRB5,IL26,BATF3,VCAM1,CRHBP,PTPRH,SIGLEC8,EMID1,MRC1,IL34,LYVE1,CCL14,KAZALD1,PDCD1LG2,TXNDC5,ROBO4,RAG1,NTN4,INSR,DLL1,,,,,,,,,,,,,,,,,,,,,,,,,,,,,,,,,,,,,,,,,,,,,,,,,,,,,,,,,,,,,,,,,,,,,,,,,,,,,,,,,,,,,,,,,,,,,,,,,,,,,,,,,,,,,,,,,,,,,,,,,,,,,,,,,,,,,,,,,,,,,,,,,,,,,,,,,,,,,,,,,,,,,,,,,,,,,,,,,,,,,,,,,,,,,,,,,,,,,,,,,,,,,,,,,,,,,,,,,,,,,,,,,,,,,,,,,,,,,,,,,,,,,,,,,,,,,,,,,,,,,,,,,,,,,,,,,,,,,,,,,,,,,,,,,,,,,,,,,,,,,,,,,,,,,,,,,,,,,,,,,,,,,,,,,,,,,,,,,,,,,,,,,,,,,,,,,,,,,,,,,,,,,,,,,,,,,,,,,,,,,,,,,,,,,,,,,,,,,,,,,,,,,,,,,,,,,,,,,,,,,,,,,,,,,,,,,,,,,,,,,,,,,,,,,,,,,,,,,,,,,,,,,,,,,,
Stomach,,TSTA3,GCNT1,GHRL,VSIG1,CTSE,CBLIF,ATP4B,TFF2,CHIA,TFF1,GKN2,PDILT,MMP1,ANXA10,VSIG2,CA9,PTH,CA2,COL2A1,OTOR,CXCL17,SULT1C2,AKR1B10,AGR2,AKR7A3,ST6GALNAC1,GALE,A4GNT,MUC1,DUSP4,GCNT2,MYRF,MST1R,PRSS8,C1orf210,VWA2,CREB3L1,GCNT4,NQO1,ALDH1A1,ASAH2,,,,,,,,,,,,,,,,,,,,,,,,,,,,,,,,,,,,,,,,,,,,,,,,,,,,,,,,,,,,,,,,,,,,,,,,,,,,,,,,,,,,,,,,,,,,,,,,,,,,,,,,,,,,,,,,,,,,,,,,,,,,,,,,,,,,,,,,,,,,,,,,,,,,,,,,,,,,,,,,,,,,,,,,,,,,,,,,,,,,,,,,,,,,,,,,,,,,,,,,,,,,,,,,,,,,,,,,,,,,,,,,,,,,,,,,,,,,,,,,,,,,,,,,,,,,,,,,,,,,,,,,,,,,,,,,,,,,,,,,,,,,,,,,,,,,,,,,,,,,,,,,,,,,,,,,,,,,,,,,,,,,,,,,,,,,,,,,,,,,,,,,,,,,,,,,,,,,,,,,,,,,,,,,,,,,,,,,,,,,,,,,,,,,,,,,,,,,,,,,,,,,,,,,,,,,,,,,,,,,,,,,,,,,,,,,,,,,,,,,,,,,,,,,,,,,,,,,,,,,,,,,,,,,,,,,,,,,,,,,,,,,,,,,,,,,,,,,,,,,,,,,,,,,,,,,,,,,,,,,,,,,,,,,,,,,,,,,,,,,,,,,,,,,,,,,,,,,,,,,,,,,,,,,,,,,,,
Testis,,KIR3DL3,JPT1,HBZ,AOC2,NAIF1,RLN3,DNAJC4,TSSC4,NFKBIB,GP6,SUSD3,IL17C,RABIF,LRRC37A2,NUDT1,H3C1,CFAP45,KRT72,SLC22A16,EXOSC3,TDP1,TCL1B,KEL,MPL,PIAS4,DIABLO,UBE2S,INSL3,ITPRIPL1,VRK1,NDC80,RNF114,FAM209B,HDGFL2,NXT2,BIRC5,PCLAF,CCDC126,TYMS,PTTG1,MBD1,MYG1,FOXM1,TBPL1,RAD51,AURKA,BUB1,DCUN1D1,LY6G6D,LY6G6D,POTEG,CCNB2,POLH,KPNA2,HERC5,RACGAP1,ZWINT,IGLL1,CABLES2,EYS,IL23R,CCNB1,TIMD4,NANOG,CENPW,CCNA1,IL31RA,PGP,TNFSF11,CUL3,PABPC3,MAD2L1,CDC25A,GPC2,CDKN3,CRISP2,NUP210L,C22orf15,SPINK2,ZPBP2,ZP4,CST8,DEFB129,BMP15,DEFB118,ADAM30,IL21,OOSP2,LYZL2,GIP,SPAG11B,SUN5,SPACA5,DEFB125,FTMT,SPATA31D4,MAGEA6,C1orf185,DEFB121,IL31,DEFB135,TSSK1B,MAGEA3,GPX5,RGS21,DEFB119,TMCO5A,C20orf173,LDHC,SPACA1,HDGFL1,CD200R1L,GJA8,PPP3R2,GAPDHS,SSMEM1,ZPBP,TCP11,IQCF1,FATE1,DKKL1,WFDC6,INSL6,SPACA3,C11orf94,PRND,SUN3,BAGE2,LRRC52,ADAM29,MAGEA10,WFDC11,IL13,CSTL1,MMP20,UMODL1,PRC1,LRRC74A,IL17F,SAYSD1,PBK,RNF148,PRSS37,ADAM7,PSG3,YBX2,ACRV1,EDDM3A,LEMD1,IL3,PLA2G2E,PSG2,POTEM,PSG8,C7orf69,MMEL1,CT55,TOMM20L,TMEM190,SPATA9,TEX29,CILP2,EID3,C1orf56,FABP12,BPIFA1,PATE4,WFDC10A,CCL1,TSPEAR,DYNLRB2,SEL1L2,IFNL2,WFDC3,CGB2,KIF23,IL5,BPIFA2,IL1A,OBP2B,WFDC8,KLK15,LGALS13,OBP2A,IL22,ALPG,CSNK2A2,ADAM32,FGF19,SMIM9,DRG1,GUCA1A,CTSV,FIBCD1,GLRX2,TAFA3,SLC30A3,C1QL4,PSG9,PRPS2,ORC6,SPA17,VARS1,SCT,IFNL3,MMP10,MLF1,ASB9,ACE2,MAGEA8,UBE2T,CHEK1,COL25A1,FUT5,KISS1,LYG2,EPHA10,ZWILCH,ISLR2,GDF9,ARL9,ZPLD1,AMH,ULBP3,CDNF,CYB5R2,UBE2N,WNK3,MANSC4,IL25,SOCS7,UTS2B,MIF,OPTC,ATAD2,BAG5,RNASE13,SMCO2,SMC3,C19orf18,TBP,RBBP4,CUL1,SNUPN,NECTIN3,GSTM3,RANBP1,AP4M1,TFAM,SPATA20,RGS5,WDR5,ASAP2,PCDHB2,MTPAP,,,,,,,,,,,,,,,,,,,,,,,,,,,,,,,,,,,,,,,,,,,,,,,,,,,,,,,,,,,,,,,,,,,,,,,,,,,,,,,,,,,,,,,,,,,,,,,,,,,,,,,,,,,,,,,,,,,,,,,,,,,,,,,,,,,,,,,,,,,,,,,,,,,,,,,,,,,,,,,,,,,,,,,,,,,,,,,,,,,,,,,,,,,,,,,,,,,,,,,,,,,,,,,,,,,,,,,,,,,,,,,,,,,,,,,,,,,,,,,,,,,,,,,,,,,,,,,,,,,,,,,,,,,,,,,,,,,,,,,,,,,,,,,,,,,,,,,,,,,,,,,,,,,,,,,,,,,,,,,,,,,,,,,,,,,,,,,,,,,,,,,,,,,,,,,,,,,,,,,,
Thyroid,,CPQ,S100A5,DAPK2,TMEM234,CTSB,PAPOLG,SNX1,CALR,TMED4,TPO,SMR3A,CST4,SORD,OTOR,WFDC8,TFF3,GGT2,IL15,COL23A1,LRP8,SNX5,VEGFA,CRABP1,SHISA2,FREM2,CCL21,NPNT,ISM1,HSP90B1,STC1,PLVAP,SELE,FLT4,PGF,IVD,FAM189A2,MPPED2,VEGFC,FGFRL1,CLN5,UST,,,,,,,,,,,,,,,,,,,,,,,,,,,,,,,,,,,,,,,,,,,,,,,,,,,,,,,,,,,,,,,,,,,,,,,,,,,,,,,,,,,,,,,,,,,,,,,,,,,,,,,,,,,,,,,,,,,,,,,,,,,,,,,,,,,,,,,,,,,,,,,,,,,,,,,,,,,,,,,,,,,,,,,,,,,,,,,,,,,,,,,,,,,,,,,,,,,,,,,,,,,,,,,,,,,,,,,,,,,,,,,,,,,,,,,,,,,,,,,,,,,,,,,,,,,,,,,,,,,,,,,,,,,,,,,,,,,,,,,,,,,,,,,,,,,,,,,,,,,,,,,,,,,,,,,,,,,,,,,,,,,,,,,,,,,,,,,,,,,,,,,,,,,,,,,,,,,,,,,,,,,,,,,,,,,,,,,,,,,,,,,,,,,,,,,,,,,,,,,,,,,,,,,,,,,,,,,,,,,,,,,,,,,,,,,,,,,,,,,,,,,,,,,,,,,,,,,,,,,,,,,,,,,,,,,,,,,,,,,,,,,,,,,,,,,,,,,,,,,,,,,,,,,,,,,,,,,,,,,,,,,,,,,,,,,,,,,,,,,,,,,,,,,,,,,,,,,,,,,,,,,,,,,,,,,,,,
Uterus,,SULF2,LEFTY2,CHRDL2,PGR,RSPO1,SHISAL1,RSPO3,FAP,ADAMTSL1,PTK7,SYTL4,GAS1,RAMP1,RERG,IL17RD,AXIN2,,,,,,,,,,,,,,,,,,,,,,,,,,,,,,,,,,,,,,,,,,,,,,,,,,,,,,,,,,,,,,,,,,,,,,,,,,,,,,,,,,,,,,,,,,,,,,,,,,,,,,,,,,,,,,,,,,,,,,,,,,,,,,,,,,,,,,,,,,,,,,,,,,,,,,,,,,,,,,,,,,,,,,,,,,,,,,,,,,,,,,,,,,,,,,,,,,,,,,,,,,,,,,,,,,,,,,,,,,,,,,,,,,,,,,,,,,,,,,,,,,,,,,,,,,,,,,,,,,,,,,,,,,,,,,,,,,,,,,,,,,,,,,,,,,,,,,,,,,,,,,,,,,,,,,,,,,,,,,,,,,,,,,,,,,,,,,,,,,,,,,,,,,,,,,,,,,,,,,,,,,,,,,,,,,,,,,,,,,,,,,,,,,,,,,,,,,,,,,,,,,,,,,,,,,,,,,,,,,,,,,,,,,,,,,,,,,,,,,,,,,,,,,,,,,,,,,,,,,,,,,,,,,,,,,,,,,,,,,,,,,,,,,,,,,,,,,,,,,,,,,,,,,,,,,,,,,,,,,,,,,,,,,,,,,,,,,,,,,,,,,,,,,,,,,,,,,,,,,,,,,,,,,,,,,,,,,,,,,,,,,,,,,,,,,,,,,,,,,,
Whole_Blood,,HBD,HBQ1,AHSP,FCGR3B,PGLYRP1,VNN2,CLC,DEFA1,FCAR,SELL,CST7,RNASE2,CD177,CEACAM3,CAMP,PROK2,SIRPB1,LILRA5,MMP8,CEACAM8,RNASE3,S100A12,CSF3R,NCF2,HSPA6,SIGLEC5,MMP9,TREM1,CD300LB,SELPLG,OSM,LILRB3,LILRB3,LILRB3,LILRB3,FCGR2A,IL1R2,LCP1,FOLR3,ALPL,GZMB,TREML1,MCEMP1,LILRA2,PF4,GNLY,RETN,CLEC4D,JAML,HCK,ICAM3,PLBD1,PILRA,ELANE,KIR2DL3,IL18RAP,SRGN,CSF2RA,NCF1,KIR3DL1,ITGB2,CD300E,OSCAR,TREML2,RAC2,KIR2DL1,KIR2DL1,FCGR1A,GZMH,PRSS57,BST1,SLC16A3,IL2RG,IL17RA,PLEK,CLEC6A,TNFSF13B,LAT2,TNFRSF1B,CFP,SIRPB2,AZU1,SH3BGRL3,COTL1,C1orf162,CEACAM4,ARHGDIB,BPI,PPBP,PSTPIP1,SECTM1,PLAUR,ARL11,LRRC25,TLR1,KIR3DL2,KIR2DS4,CLEC4A,CD300A,CCL5,LYN,PYGL,PLXNC1,PRTN3,GZMM,HK3,RNF149,CSF2RB,IL1B,NAMPT,ADGRE2,CD300C,C16orf54,LST1,RGS19,CTSS,SIGLEC9,ARHGAP45,LILRB2,RELT,VAV1,FERMT3,MPO,DPEP2,TKT,CD7,SIGLEC14,TBXAS1,CD300LF,RPS6KA1,OAZ1,DOK2,CHIT1,IMPDH1,GABARAP,VASP,GRAP2,IFNGR2,BCL2A1,CD48,NCR1,TNFAIP6,LAIR2,PF4V1,GMFG,CR1,TGFB1,TNFRSF9,CD247,CCL3,ARHGAP25,ARID3A,UBXN2B,CD37,PIK3CG,STK17B,NFKBID,NPL,UPP1,IL10RB,CD3E,ADGRE5,LMNB1,PTPN6,MAPK14,SDCBP,IFNG,CARD19,ITGAL,CLEC7A,CD55,MAP2K3,ELL,NCR3,CHST15,RNASET2,SIGLEC7,SEMA4A,GLIPR2,LCK,USP15,NATD1,TNFSF8,TLR5,CYRIB,IRF1,HPSE,TYMP,B3GNT8,ST8SIA4,CD244,TLR4,AGFG1,G6PD,CD5,S100P,STX3,BATF,PGD,ZAP70,CNN2,CHMP2A,LILRB4,BMX,CLEC4C,LTA4H,OSTF1,S100A9,CSGALNACT2,BCL2L1,KCNE3,GPX1,GZMA,GLA,IL18R1,SPN,IGFLR1,MPIG6B,TYK2,CDC42,CASP8,CFL1,GRK2,GRB2,SYK,CLIC1,ARPC3,FCGR3A,CDKN2D,CSK,PSMB9,CD14,RAB32,RNASE6,FCRL6,ARHGEF1,ARHGEF1,CTSG,CD8B,APAF1,HMGB2,CD2,S100Z,ZYX,CD96,TAGLN2,ANP32A,CD33,IL2RB,KIR2DL4,RUNX3,CD40LG,ITGB7,NMI,GPCPD1,CHST11,BPGM,PSMB3,CD68,LRCH4,HLA-G,CEBPB,CCL3L3,CCL3L3,TMUB2,PTPRJ,CDC34,B2M,BLVRB,UBE2J1,CXCL8,IL4R,COPE,LAIR1,MICB,ST3GAL2,CD86,AIF1,ITM2B,ANXA3,IL12RB1,DBNL,PGK1,S100A4,RAB27A,S100A11,BTK,IFNGR1,TRAT1,APOBEC3G,QPCT,TRAPPC5,FADD,FTL,KLRB1,IL21R,SRA1,PTEN,PSAP,ARF1,CPD,TAPBP,GBP2,MAP3K3,CAPZA1,SH3BP2,VPS28,SAT1,SDF2,MCL1,PPT1,CBL,ATF6,CD3G,CSNK1G2,DNM2,GUK1,LY9,PLCG2,SH2D1B,BCL6,CCL4L2,CCL4L2,CXCL16,TNF,BTNL8,MSN,TXNDC12,IL10RA,MGAT1,MFNG,BID,XCL2,ATP2A3,JMJD6,SUSD1,APMAP,SH2D3C,HNRNPC,NAGK,TNFRSF8,RAB1B,CPNE1,H1-2,GP1BA,ALDH3B1,KLRK1,KLRK1,HMBS,ADA2,PSME1,TAF10,ACAP2,LGALS9,ARHGDIA,CHFR,GP5,IL16,IRF9,CAPG,ADPGK,KLRF1,LRFN1,HSD17B11,ADAM19,HSPA1A,MOB1A,STK16,SIRPG,UBB,IFNL1,PGLS,KIR3DL3,IST1,RELB,HK2,RHOA,LTA,LY86,CA1,LIPN,LRP10,SH2D1A,B4GALT5,CARD9,UBE2F,RAB5C,GNGT2,SLAMF6,ATG3,RPN1,PKN1,CELF2,CARD17,FASLG,GRN,PRG2,LILRB1,VHL,NDE1,SLAMF1,SLAMF7,TESC,SIT1,UBC,STX4,IRAK4,LILRA4,VTI1A,UBE2D3,TMCC3,CASS4,JPT1,GZMK,PCBP1,ARHGEF2,NSFL1C,H2BC21,TINF2,HTRA2,GNAI3,LAT,TNFRSF1A,RAB35,CKAP4,DHRS9,GAA,SERF2,CD70,PTK2B,RAF1,ENTPD1,ADGRG5,SERPINB1,HERPUD2,RAB3D,RPA2,MAP2K2,SH3GLB1,UBE2L6,IFI16,TEPSIN,H2AZ1,SNX17,MANBA,LRPAP1,IL1RAP,IL6R,STAT1,FCMR,STAT6,SF1,PIM1,IGF2R,ANXA11,CASP10,CTSC,NQO2,CTSZ,SCIMP,PLIN3,HNRNPK,MAP2K6,AIP,HBZ,ING1,KIAA2013,SDHAF2,SCAND1,AOC2,MAD1L1,LMAN2,B4GALT3,KLRC1,PRCP,MAP4K1,XCL1,CD44,LTB4R,COLGALT1,CD226,IK,NAIF1,TPP1,RGS10,FLT3LG,MANSC1,MARK3,AMPD2,STAT3,PTPN1,UBE2D1,WBP2,TNFSF14,PSMD9,F5,VAPA,CTSD,ERP44,JTB,PRKCSH,CLEC1B,IL10,KPNB1,RIPK2,ADM,HGS,SEPTIN6,SAP30,CLEC10A,CLEC2D,LGALS8,CPVL,TRADD,HIF1A,BRD4,NR1H2,UBE2B,ASTL,GSR,GLIPR1,TNFAIP3,SPTLC2,PGAM1,NAPA,ADAM10,STMP1,LCN2,BNIP3L,ARAF,IL24,NAAA,CSNK2B,GSK3A,CCPG1,ATF6B,RLN3,ARF5,FCGR2B,POLD4,CD1D,S100A6,DNAJB1,CD58,ENO1,TOR4A,NOTCH1,C14orf93,CD4,DNAJB12,SPINK8,HDGF,FURIN,EIF4A3,GSTK1,SRXN1,TNFRSF14,TCL1A,ASAH1,MAT2B,TNRC6B,EWSR1,HTATIP2,CPQ,DNAJC4,CD8A,CTLA4,CTSA,CDKN1B,CAPNS1,BTN2A1,XRCC1,BAG1,CAB39,H1-10,GIMAP6,IL7R,NEU1,CD163,CD74,CA4,NFKB1,DDIT3,LIN7A,RPLP2,ITCH,NT5C2,DDIT4,OAS1,PDCD1,DAPP1,MBD4,MAPRE1,ERLIN1,CD27,MAPKAPK2,BRD2,DDX39B,ERP29,PNKP,BCL10,CASP2,TSSC4,TOP1,CANT1,COQ8B,GALK1,RNPEP,GNS,YWHAZ,MYL12B,RBL2,SOCS3,MAPK3,EPS15L1
